Product(original_price=149.0, new_price=5.8, offer_percentage=0.9611, item_name='50-Piece Waterproof Self Adhesive Cool Vinyl Decal Graffiti Sticker Set', image_link='v1663589387/N32556413A_1', item_link='https://minutes.noon.com/saudi-en/now-product/ZA65BD1BC95EE8F68D914Z-1')
Product(original_price=149.0, new_price=7.9, offer_percentage=0.947, item_name='50-Piece Waterproof Self Adhesive Cool Vinyl Decal Graffiti Sticker Set', image_link='v1663589387/N32556413A_1', item_link='https://minutes.noon.com/saudi-en/now-product/Z3E878EA84C5DCB4A3267Z-1')
Product(original_price=184.0, new_price=12.0, offer_percentage=0.9348, item_name='110-Piece Colorful Learning Educational Construction Engineering Kits 3+ Years', image_link='v1554983925/N23005376A_1', item_link='https://minutes.noon.com/saudi-en/now-product/Z4DCE6DE2661BBA264E7AZ-1')
Product(original_price=900.0, new_price=69.0, offer_percentage=0.9233, item_name='6-Piece Professional Hair Dryer Set ,2000W', image_link='v1682665844/N52956413A_1', item_link='https://minutes.noon.com/saudi-en/now-product/ZE03B971A27564C260731Z-1')
Product(original_price=399.0, new_price=55.7, offer_percentage=0.8604, item_name='61-Keys Wired Waterproof RGB Backlit Gaming Keyboard', image_link='v1662562088/N50919054A_1', item_link='https://minutes.noon.com/saudi-en/now-product/Z17A217F2812DAE1F165DZ-1')
Product(original_price=71.85, new_price=12.9, offer_percentage=0.8205, item_name='Electric Fuzz Lint Remover', image_link='v1546934567/N20100037A_1', item_link='https://minutes.noon.com/saudi-en/now-product/ZE792BBEA3B895EF63D15Z-1')
Product(original_price=100.0, new_price=19.95, offer_percentage=0.8005, item_name='Pack Of 2 Closer To Nature Silicone Teats', image_link='pnsku/N39694229A/45/_/1732778658/2a803ebb-c18d-4ad7-8382-2d6a43bfb2a9', item_link='https://minutes.noon.com/saudi-en/now-product/Z241569391B20B3DC0B5BZ-1')
Product(original_price=220.0, new_price=49.0, offer_percentage=0.7773, item_name='650-watt coffee maker for preparing 6 cups, with a removable and reusable filter, with an automatic shut-off feature and anti-drip, heat-resistant glass jug', image_link='pzsku/Z60A4CE5B1BE4409204B9Z/45/_/1734025623/84d44b5d-dde7-4a22-af5a-3f999bdddd2e', item_link='https://minutes.noon.com/saudi-en/now-product/Z60A4CE5B1BE4409204B9Z-1')
Product(original_price=250.0, new_price=59.0, offer_percentage=0.764, item_name='Portable electric coffee grinder rechargeable black USB C', image_link='pzsku/Z42BF2CBE5BA38DF940E8Z/45/_/1719654027/b5604ef5-790e-44a0-9ce4-f50a4e1abc5b', item_link='https://minutes.noon.com/saudi-en/now-product/Z42BF2CBE5BA38DF940E8Z-1')
Product(original_price=288.0, new_price=70.0, offer_percentage=0.7569, item_name='Garment Steamer Iron,High-Power Handheld Garment Steamer Clothes Steamer Portable Steam Iron 30s Fast Heat-up Ironing Wrinkle Remover -1500W 280ML', image_link='pzsku/Z5C4183B7CD674FCB20B2Z/45/1741236742/1664c5a0-613c-4ed3-bd63-77a00e2e18fd', item_link='https://minutes.noon.com/saudi-en/now-product/Z5C4183B7CD674FCB20B2Z-1')
Product(original_price=279.0, new_price=68.9, offer_percentage=0.753, item_name='Garment Steamer Iron,High-Power Handheld Garment Steamer Clothes Steamer Portable Steam Iron 30s Fast Heat-up Ironing Wrinkle Remover -1500W 300ML', image_link='pzsku/ZF5A935F52FB29CDD6CB9Z/45/_/1736678901/5ba4c81d-44ba-46b8-a365-b55f07a1ce3e', item_link='https://minutes.noon.com/saudi-en/now-product/ZF5A935F52FB29CDD6CB9Z-1')
Product(original_price=399.0, new_price=99.0, offer_percentage=0.7519, item_name='Blender with Grinder Mills, 1.5L Jar, 2x 300ml Grinding Mills, Stainless Steel Blades, 2-Speed with Pulse Control, Perfect for Smoothies, Coffee, Herbs, and Spices,', image_link='v1671548545/N20979562A_1', item_link='https://minutes.noon.com/saudi-en/now-product/Z74E3B54B22911255F077Z-1')
Product(original_price=2.0, new_price=0.5, offer_percentage=0.75, item_name='Regular Carbonated Soft Drink 150ml', image_link='pzsku/Z79D313BAD470EF61236CZ/45/_/1714640850/fcd0dee1-29e9-411b-90f7-c1ee36e45b32', item_link='https://minutes.noon.com/saudi-en/now-product/Z79D313BAD470EF61236CZ-1')
Product(original_price=59.95, new_price=15.0, offer_percentage=0.7498, item_name='Pure Rosemary Essential Oil', image_link='v1574860596/N32312509A_1', item_link='https://minutes.noon.com/saudi-en/now-product/ZC50AA1D61CE6B7476C56Z-1')
Product(original_price=3.95, new_price=1.0, offer_percentage=0.7468354430379747, item_name='Bueno Milk Chocolate Bar In Wafer With Hazelnut Cream', image_link='pzsku/ZA0243484D81CEE6B674EZ/45/_/1724837182/362bc53a-6df5-4dee-aa48-cee2375bc9b5', item_link='https://minutes.noon.com/saudi-en/now-product/ZA0243484D81CEE6B674EZ-1')
Product(original_price=200.0, new_price=51.0, offer_percentage=0.745, item_name='22mm Zikr Ring Smart Ring with Vibration Reminder Tasbih Counter and Bluetooth Connection for Exclusive IQIBLA App and 5 Daily Prayer Reminders', image_link='pzsku/Z6F4CA6EE774A4E200558Z/45/_/1715924715/88687ab5-e9ca-4c39-8697-6a17377d3180', item_link='https://minutes.noon.com/saudi-en/now-product/Z6F4CA6EE774A4E200558Z-1')
Product(original_price=57.95, new_price=15.0, offer_percentage=0.7412000000000001, item_name='Super Lustrous Matte Lipstick', image_link='v1595094529/N39372270A_1', item_link='https://minutes.noon.com/saudi-en/now-product/ZAB8C8159274B2DA5AC7AZ-1')
Product(original_price=3.75, new_price=1.0, offer_percentage=0.7333333333333334, item_name='Original Chocolate Bar', image_link='pzsku/Z730A95F816FE82BAF84FZ/45/_/1708348731/866c1524-fa36-4620-a8ee-852caa3bd75c', item_link='https://minutes.noon.com/saudi-en/now-product/Z730A95F816FE82BAF84FZ-1')
Product(original_price=58.55, new_price=16.0, offer_percentage=0.7267, item_name='Electric Air Blower', image_link='v1676981981/N15099497A_1', item_link='https://minutes.noon.com/saudi-en/now-product/Z1A94B7FF86A5570BEAEFZ-1')
Product(original_price=95.0, new_price=26.0, offer_percentage=0.7263, item_name='Aloe Soothing Sun Cream', image_link='v1656332418/N48002429A_1', item_link='https://minutes.noon.com/saudi-en/now-product/Z5A49B43833996BD14A84Z-1')
Product(original_price=9.32, new_price=2.75, offer_percentage=0.7049000000000001, item_name='Cucumber - KSA', image_link='pzsku/Z3BB4D14BE1C7491EF6BCZ/45/_/1740056366/fc5461a0-7c89-482c-a145-657d897bf60b', item_link='https://minutes.noon.com/saudi-en/now-product/Z3BB4D14BE1C7491EF6BCZ-1')
Product(original_price=200.0, new_price=60.0, offer_percentage=0.7, item_name='20mm Zikr Ring Smart Ring with Vibration Reminder Tasbih Counter and Bluetooth Connection for Exclusive IQIBLA App and 5 Daily Prayer Reminders', image_link='pzsku/Z6F5A69F3096C748AF2CFZ/45/_/1715307857/30ce28f8-a103-4d07-94fd-ef92fd98dc3e', item_link='https://minutes.noon.com/saudi-en/now-product/Z6F5A69F3096C748AF2CFZ-1')
Product(original_price=49.95, new_price=15.0, offer_percentage=0.6996996996996997, item_name='Berry Copa Crush Hydration Drink', image_link='pzsku/ZCBEA353C8D4E0C4D9D2EZ/45/_/1737549446/e8977ed1-35a1-441e-a5ee-4a099ddc4aed', item_link='https://minutes.noon.com/saudi-en/now-product/ZCBEA353C8D4E0C4D9D2EZ-1')
Product(original_price=49.95, new_price=15.0, offer_percentage=0.6996996996996997, item_name='Miami Punch Hydration Drink', image_link='pzsku/Z8629EC89AB7D17CE4F7CZ/45/_/1737549286/a9d9abb8-3c0a-420a-8cc2-b26cf7a405e2', item_link='https://minutes.noon.com/saudi-en/now-product/Z8629EC89AB7D17CE4F7CZ-1')
Product(original_price=49.95, new_price=15.0, offer_percentage=0.6996996996996997, item_name='Limon Lime League Hydration Drink', image_link='pzsku/Z1419CA24711157227860Z/45/_/1737549145/d42540a0-cd1a-4e87-9d5b-e60f9d5032a6', item_link='https://minutes.noon.com/saudi-en/now-product/Z1419CA24711157227860Z-1')
Product(original_price=49.95, new_price=15.0, offer_percentage=0.6996996996996997, item_name='Orange D Or Hydration Drink', image_link='pzsku/ZEB7B10EDD9096D052161Z/45/_/1737548744/08261d74-3f62-468d-9167-bd8a034e8a88', item_link='https://minutes.noon.com/saudi-en/now-product/ZEB7B10EDD9096D052161Z-1')
Product(original_price=19.0, new_price=5.95, offer_percentage=0.6868000000000001, item_name='Longlasting Eye Pencil', image_link='v1616074218/N11031376A_1', item_link='https://minutes.noon.com/saudi-en/now-product/ZA7E87EDD7A2AD2736261Z-1')
Product(original_price=25.0, new_price=7.9, offer_percentage=0.6839999999999999, item_name='40-Piece American Coffee Drip Filter Paper', image_link='v1574086424/N32051806A_1', item_link='https://minutes.noon.com/saudi-en/now-product/Z5222025B1B4A7F15048BZ-1')
Product(original_price=89.0, new_price=29.0, offer_percentage=0.6742, item_name='LP40 Wireless Bluetooth Earbuds', image_link='v1652078096/N53285387A_1', item_link='https://minutes.noon.com/saudi-en/now-product/Z31489C7DC4520C557EA2Z-1')
Product(original_price=159.0, new_price=54.0, offer_percentage=0.6604, item_name='P20i Bluetooth Earphones, 10mm Drivers with Big Bass True Wireless Earbuds, 30H Playtime, IPX5, 2 Mics for AI Clear Calls, 22 Preset EQs, Customization via App', image_link='v1684305500/N53406571A_1', item_link='https://minutes.noon.com/saudi-en/now-product/ZE319862D4BC10AC9F976Z-1')
Product(original_price=9.28, new_price=3.25, offer_percentage=0.6497999999999999, item_name='Banana - Ecuador', image_link='pzsku/ZAD5167868994B7CFB6FFZ/45/_/1740080214/7b7800ad-8389-46a9-85c9-93b819bd5b2a', item_link='https://minutes.noon.com/saudi-en/now-product/ZAD5167868994B7CFB6FFZ-1')
Product(original_price=9.72, new_price=3.5, offer_percentage=0.6399, item_name='Green Bell Pepper - KSA', image_link='pzsku/Z06B1176BD76F60648666Z/45/_/1730781093/60218f32-70ae-4913-94e9-543baf0207e7', item_link='https://minutes.noon.com/saudi-en/now-product/Z06B1176BD76F60648666Z-1')
Product(original_price=26.95, new_price=10.0, offer_percentage=0.6289, item_name='The Big Daddy - Nutella Kunafa Dubai Viral Chocolate', image_link='pzsku/ZC76C76B809EE350E4727Z/45/_/1726120972/78c829f1-d58e-4dda-aec5-ad40fc2cbdcc', item_link='https://minutes.noon.com/saudi-en/now-product/ZC76C76B809EE350E4727Z-1')
Product(original_price=199.95, new_price=76.0, offer_percentage=0.6199, item_name='Super Collagen Plus Vitamin C And Biotin 180 Tablets', image_link='pnsku/N32925315A/45/_/1742387366/3439ff38-6965-48cc-a1cc-3082d8cd625f', item_link='https://minutes.noon.com/saudi-en/now-product/ZB1FB1F777359ACB5EE56Z-1')
Product(original_price=65.5, new_price=25.8, offer_percentage=0.6061000000000001, item_name='Micellar Cleansing Water For Sensitive Skin', image_link='v1658932249/N38609952A_1', item_link='https://minutes.noon.com/saudi-en/now-product/Z4EA49E5A4DE7759A1BCEZ-1')
Product(original_price=62.9, new_price=24.9, offer_percentage=0.6041000000000001, item_name="L'Oréal Paris Hydra Genius Aloe Water 72H Liquid Moisturizer Normal to Combination skin", image_link='v1625494196/N29337456A_1', item_link='https://minutes.noon.com/saudi-en/now-product/ZD8254F9E569357625DABZ-1')
Product(original_price=299.0, new_price=119.0, offer_percentage=0.602, item_name='Solo Unique Brush Hairstyle - Packaging May Vary', image_link='pnsku/N70045072V/45/_/1707382343/3e3912f9-59d2-4ae4-afe5-014b4836e36c', item_link='https://minutes.noon.com/saudi-en/now-product/Z7C6F3FE7B499A6E07813Z-1')
Product(original_price=48.25, new_price=19.3, offer_percentage=0.6, item_name='Optic White Expert Toothpaste', image_link='pzsku/Z03D09B62C281840CD3ACZ/45/_/1724836711/5b1555ad-4a62-4633-9929-10f075d249de', item_link='https://minutes.noon.com/saudi-en/now-product/Z03D09B62C281840CD3ACZ-1')
Product(original_price=7.3, new_price=2.95, offer_percentage=0.5959, item_name='Sweet Corn - KSA', image_link='pzsku/Z9BF4DED926FB4F0A2DFEZ/45/_/1736863183/fe4fb327-665f-4531-b45b-1235df6a42a5', item_link='https://minutes.noon.com/saudi-en/now-product/Z9BF4DED926FB4F0A2DFEZ-1')
Product(original_price=7.32, new_price=3.05, offer_percentage=0.5832999999999999, item_name='Mandarin - Egypt', image_link='pzsku/Z00A68230199123F6A3B8Z/45/_/1736861117/e3c7d975-7f46-49ce-8ed0-f218d8e8e858', item_link='https://minutes.noon.com/saudi-en/now-product/Z00A68230199123F6A3B8Z-1')
Product(original_price=6.5, new_price=2.75, offer_percentage=0.5769, item_name='Chapagetti', image_link='pzsku/Z69C327F5D876D4C3B645Z/45/_/1729684162/12fba73b-e87c-46db-b02f-f0f3ff2328cc', item_link='https://minutes.noon.com/saudi-en/now-product/Z69C327F5D876D4C3B645Z-1')
Product(original_price=9.95, new_price=4.25, offer_percentage=0.5728643216080402, item_name="Pralines 'n Cream Ice Cream", image_link='pzsku/Z47009B6C81E674A8513BZ/45/_/1739195499/e4b19432-3e94-4f14-994d-3af69482df8e', item_link='https://minutes.noon.com/saudi-en/now-product/Z47009B6C81E674A8513BZ-1')
Product(original_price=12.85, new_price=5.5, offer_percentage=0.5720000000000001, item_name='Banana - Ecuador', image_link='pzsku/ZD2060C4A8F23EB9E5AB3Z/45/_/1740058743/94564801-6ebf-481d-b4c7-e977e11dab39', item_link='https://minutes.noon.com/saudi-en/now-product/ZD2060C4A8F23EB9E5AB3Z-1')
Product(original_price=23.0, new_price=10.0, offer_percentage=0.5651999999999999, item_name='15-Piece Decorative Birthday Party Inflatable Balloon Set With Confetti', image_link='v1664278558/N23145700A_1', item_link='https://minutes.noon.com/saudi-en/now-product/Z413B7E0026154BE40866Z-1')
Product(original_price=6.29, new_price=2.75, offer_percentage=0.5628, item_name='Garlic - China', image_link='pzsku/Z1CAB0378E568E26A0086Z/45/_/1740057372/321f9e5d-7ee9-43af-a3da-84a654c72f6d', item_link='https://minutes.noon.com/saudi-en/now-product/Z1CAB0378E568E26A0086Z-1')
Product(original_price=249.0, new_price=109.0, offer_percentage=0.5622, item_name='Band 9 Smart Watch, Ultra-Thin Design And Comfortable Wearing, Scientific Sleep Analysis, Durable Battery Life, IOS And Android', image_link='pnsku/N70053119V/45/_/1731418268/ad9b5b74-9cd7-48e0-87c3-7f27c0bbe4ea', item_link='https://minutes.noon.com/saudi-en/now-product/Z1B1F346864F249A0BD9AZ-1')
Product(original_price=39.85, new_price=17.45, offer_percentage=0.5621, item_name='Maybelline New York Colossal Kajal Argan Oil Eyeliner', image_link='v1618319839/N20426193A_1', item_link='https://minutes.noon.com/saudi-en/now-product/ZC5D70A59AA0B2222A2F9Z-1')
Product(original_price=3.95, new_price=1.75, offer_percentage=0.5569999999999999, item_name='Chakki Fresh Atta', image_link='pzsku/ZDC336BDB1AFE05C88BD5Z/45/_/1735808739/1922b2e1-e548-4ac3-893d-041967c7ae4e', item_link='https://minutes.noon.com/saudi-en/now-product/ZDC336BDB1AFE05C88BD5Z-1')
Product(original_price=110.0, new_price=49.0, offer_percentage=0.5545, item_name='Electric USB Rechargeable Incense Burner', image_link='v1631945369/N50939986A_1', item_link='https://minutes.noon.com/saudi-en/now-product/Z9E0B668EF8F5436A4142Z-1')
Product(original_price=40.0, new_price=18.0, offer_percentage=0.55, item_name='SkinActive Micellar Cleansing Water', image_link='pnsku/N11294362A/45/_/1734582401/a4882aae-fc78-4b4a-a5fc-d809990316d7', item_link='https://minutes.noon.com/saudi-en/now-product/ZADA0B7C267FCD4028DBCZ-1')
Product(original_price=66.0, new_price=30.0, offer_percentage=0.5455, item_name='Set Of 2 Fast Flow Anti Colic Classic Plus Teats 4 Hole For 6 Months + Baby - Clear, Scf634, 27', image_link='pnsku/N16322552A/45/_/1724247265/5738c9ec-86b5-41f5-9d4b-af7a41d37739', item_link='https://minutes.noon.com/saudi-en/now-product/ZE05DD06B04E27D128752Z-1')
Product(original_price=4.5, new_price=2.1, offer_percentage=0.5333, item_name='Potato - KSA', image_link='pzsku/ZDA7D684A46D508591020Z/45/_/1714489545/155008e4-4e85-4439-adcb-0547357d92d9', item_link='https://minutes.noon.com/saudi-en/now-product/ZDA7D684A46D508591020Z-1')
Product(original_price=54.0, new_price=25.2, offer_percentage=0.5333, item_name='SkinActive Fast Bright 30x Vitamin C & Niacinamide Anti Dark Spot Serum', image_link='pnsku/N45380432A/45/_/1720008636/d36bdda2-e558-461c-acb6-178cb1a05c1a', item_link='https://minutes.noon.com/saudi-en/now-product/Z49C9D0848A9CD2128FFFZ-1')
Product(original_price=19.5, new_price=9.2, offer_percentage=0.5282, item_name='Universal Plasters, Water-Resistant And Strong Adhesion, 40 Strips', image_link='pnsku/N11292922A/45/_/1732554536/0cc02374-5e9a-4c97-9537-af9807467f74', item_link='https://minutes.noon.com/saudi-en/now-product/Z1F80B476952C4B3FD20AZ-1')
Product(original_price=6.25, new_price=2.95, offer_percentage=0.528, item_name='Frozen Minced Molokhia', image_link='pzsku/Z4697EDEE302FD99DA624Z/45/_/1724836962/e58cc7e8-bf49-46b8-a3b6-624492b56a7c', item_link='https://minutes.noon.com/saudi-en/now-product/Z4697EDEE302FD99DA624Z-1')
Product(original_price=36.95, new_price=17.45, offer_percentage=0.5277000000000001, item_name='Broasted Zing Chicken Fillet', image_link='pzsku/Z7386D729EC99787919E3Z/45/_/1741334589/c24de2e4-f7c5-4b6a-b940-d6125bbf3895', item_link='https://minutes.noon.com/saudi-en/now-product/Z7386D729EC99787919E3Z-1')
Product(original_price=189.0, new_price=90.0, offer_percentage=0.5238, item_name='FreeBuds SE 2 In-ear Earphones, Wireless Bluetooth 5.3, 40-Hour Battery Life, 3 Hours of Music Playback on a 10-Minute Charge, Compact and Comfortable, IP54 Dust and Splash-Resistance', image_link='pnsku/N53425582A/45/_/1730975830/b4741505-af30-41ad-b5b0-aad4a8071d33', item_link='https://minutes.noon.com/saudi-en/now-product/Z762B25F61061C99B3CE9Z-1')
Product(original_price=164.9, new_price=79.0, offer_percentage=0.5208999999999999, item_name='3-Piece Professional Hair Dryer Set ,1800W', image_link='v1598260964/N19754150A_1', item_link='https://minutes.noon.com/saudi-en/now-product/Z9F055C5621BB4371EE8FZ-1')
Product(original_price=170.0, new_price=81.75, offer_percentage=0.5191, item_name='Mizyaan Concentrated Perfume', image_link='v1617947227/N28572648A_1', item_link='https://minutes.noon.com/saudi-en/now-product/ZCD43718CC4F9CF7D3719Z-1')
Product(original_price=50.0, new_price=24.25, offer_percentage=0.515, item_name='Spiderman Costume', image_link='v1651137722/N19989539V_1', item_link='https://minutes.noon.com/saudi-en/now-product/ZBE2406F2091F1AC8AAC6Z-1')
Product(original_price=41.95, new_price=20.5, offer_percentage=0.5113230035756854, item_name='All In 1 Dishwashing Tablets', image_link='pzsku/Z566155BB841105EC561FZ/45/_/1738777941/272d84ff-4f5a-49ef-af5a-e2406a762dc4', item_link='https://minutes.noon.com/saudi-en/now-product/Z566155BB841105EC561FZ-1')
Product(original_price=7.89, new_price=3.9, offer_percentage=0.5057, item_name='Zucchini - KSA', image_link='pzsku/ZEA5F95063A85CDB26E4BZ/45/_/1730780377/374e81c4-ebc5-4a29-b584-771ee77263aa', item_link='https://minutes.noon.com/saudi-en/now-product/ZEA5F95063A85CDB26E4BZ-1')
Product(original_price=2.02, new_price=1.0, offer_percentage=0.505, item_name='Coriander Leaves - KSA', image_link='pzsku/Z8E993868BEE13C9F013FZ/45/_/1740056902/706ac743-4b7b-4170-8c17-6ddeac7f7e49', item_link='https://minutes.noon.com/saudi-en/now-product/Z8E993868BEE13C9F013FZ-1')
Product(original_price=78.35, new_price=39.15, offer_percentage=0.5003, item_name='Fusion Mens Razor With 2 Blades', image_link='pzsku/Z6BE070AE26700A8C9365Z/45/_/1724837020/d2ca734a-6e5a-4b7d-987a-04ee770d5ffc', item_link='https://minutes.noon.com/saudi-en/now-product/Z6BE070AE26700A8C9365Z-1')
Product(original_price=14.4, new_price=7.2, offer_percentage=0.5, item_name='Moisturising Lip Care Blackberry Shine Lip Balm', image_link='pzsku/Z8E773D4C0087E769C577Z/45/_/1724836999/32f9581b-8c3b-4907-b644-c3fcc6287da8', item_link='https://minutes.noon.com/saudi-en/now-product/Z8E773D4C0087E769C577Z-1')
Product(original_price=18.8, new_price=9.4, offer_percentage=0.5, item_name='Fruit Cordial Drink', image_link='pzsku/Z2E8A3E83AEF6F0CD9094Z/45/_/1740650950/6139b048-5a23-40ab-8db0-9b85b480cec3', item_link='https://minutes.noon.com/saudi-en/now-product/Z2E8A3E83AEF6F0CD9094Z-1')
Product(original_price=14.0, new_price=7.0, offer_percentage=0.5, item_name='Strawberry Jam Preserve', image_link='pzsku/ZF258F9E11078BFC1CA08Z/45/_/1737877522/8c46fe7d-12db-4486-8dbf-808640035d01', item_link='https://minutes.noon.com/saudi-en/now-product/ZF258F9E11078BFC1CA08Z-1')
Product(original_price=24.5, new_price=12.25, offer_percentage=0.5, item_name='Fortified Powder Milk', image_link='pzsku/ZD83E80073CEB558CB789Z/45/_/1739779437/588f64ec-8baa-4d0d-8c13-2a31455b6096', item_link='https://minutes.noon.com/saudi-en/now-product/ZD83E80073CEB558CB789Z-1')
Product(original_price=19.0, new_price=9.5, offer_percentage=0.5, item_name='Olive Tape Diaper Size 5 Junior 14-23 Kg Saving Pack', image_link='pnsku/N53357718A/45/_/1728275138/d8b3c8d3-a499-4b6a-83bb-40db391a8492', item_link='https://minutes.noon.com/saudi-en/now-product/Z54B65E25D368788877AFZ-1')
Product(original_price=22.0, new_price=11.0, offer_percentage=0.5, item_name='Rash Protection Taped Diapers Size 4 9-14kg Carry Pack', image_link='pzsku/Z71020DF6DD9AE3D0D11FZ/45/_/1735504636/d612ffb8-79c8-4021-b70f-81bc5f1bd21e', item_link='https://minutes.noon.com/saudi-en/now-product/Z71020DF6DD9AE3D0D11FZ-1')
Product(original_price=15.0, new_price=7.5, offer_percentage=0.5, item_name='Halawa With Chocolate', image_link='pnsku/N34331305A/45/_/1727168282/88a80dd3-9d9b-49ab-a5e3-c4aa872a2589', item_link='https://minutes.noon.com/saudi-en/now-product/Z0F286A5AF2E68E8DE92AZ-1')
Product(original_price=14.4, new_price=7.2, offer_percentage=0.5, item_name='Q10 Plus C Anti-Wrinkle Face Sheet Mask, Vitamin C, 1', image_link='pnsku/N34326249A/45/_/1734938312/bcbf102f-f7a5-44df-b0c1-6ddf8c5bd705', item_link='https://minutes.noon.com/saudi-en/now-product/Z9DF114911AA422F3365EZ-1')
Product(original_price=24.1, new_price=12.05, offer_percentage=0.5, item_name='Natural Glow Exfoliating Face Scrub Even Tone Complex And Vitamin C', image_link='pzsku/ZDE13BB5ECF438C0E9F8AZ/45/_/1724836957/f0f444e2-7aa2-4b41-bc24-effde9a5e968', item_link='https://minutes.noon.com/saudi-en/now-product/ZDE13BB5ECF438C0E9F8AZ-1')
Product(original_price=24.3, new_price=12.15, offer_percentage=0.5, item_name='Natural Glow Cleansing Face Wash', image_link='pzsku/Z9D8839D39CD0EA703270Z/45/_/1724837055/ca89fea8-d026-48c6-ae35-79373fd3586b', item_link='https://minutes.noon.com/saudi-en/now-product/Z9D8839D39CD0EA703270Z-1')
Product(original_price=12.0, new_price=6.0, offer_percentage=0.5, item_name='Original Glazed Doughnut Buy 1 Get 1 Free', image_link='pzsku/ZB0910EE13E253D11C6AAZ/45/_/1737036826/0ea78cd0-f17e-4dbe-92b6-a79c79cef14f', item_link='https://minutes.noon.com/saudi-en/now-product/ZB0910EE13E253D11C6AAZ-1')
Product(original_price=14.0, new_price=7.0, offer_percentage=0.5, item_name='Choco Glazed Doughnut Buy 1 Get 1 Free', image_link='pzsku/ZD0780BA8D80C4C6BC048Z/45/_/1737037018/351f239e-0434-4a2f-934e-93eec2f68692', item_link='https://minutes.noon.com/saudi-en/now-product/ZD0780BA8D80C4C6BC048Z-1')
Product(original_price=16.0, new_price=8.0, offer_percentage=0.5, item_name='Lotus Biscoff Doughnut Buy 1 Get 1 Free', image_link='pzsku/Z970B31E8484475A34BF2Z/45/_/1737037180/9b9faef4-e7fb-497b-8247-8aa88a470dc3', item_link='https://minutes.noon.com/saudi-en/now-product/Z970B31E8484475A34BF2Z-1')
Product(original_price=32.25, new_price=16.15, offer_percentage=0.4992, item_name='5 In 1 Cocoa Butter Body Lotion, Vitamin E, Dry Skin', image_link='pzsku/Z2791A3F766E98C841F0AZ/45/_/1738676751/017191e8-537a-443c-8605-7099f7898b11', item_link='https://minutes.noon.com/saudi-en/now-product/Z2791A3F766E98C841F0AZ-1')
Product(original_price=13.95, new_price=7.0, offer_percentage=0.4982, item_name='Strawberry Jam', image_link='pnsku/N25262659A/45/_/1734582296/378f9879-63ed-48d4-a5c4-5ec85f2e6d84', item_link='https://minutes.noon.com/saudi-en/now-product/Z06DD4F29227B1C8D554AZ-1')
Product(original_price=13.95, new_price=7.0, offer_percentage=0.4982, item_name='Raspberry Jam', image_link='pzsku/Z67B5F946BE4D386E5263Z/45/_/1730100709/41e8868a-5f32-43b9-93d8-2a08e9334dd4', item_link='https://minutes.noon.com/saudi-en/now-product/Z67B5F946BE4D386E5263Z-1')
Product(original_price=10.95, new_price=5.5, offer_percentage=0.49770000000000003, item_name='Burgul Hard', image_link='pzsku/ZB856F270B51ADD0A65FCZ/45/_/1739949622/c81a70de-2cfc-4e86-98b4-8500e2fbc1ed', item_link='https://minutes.noon.com/saudi-en/now-product/ZB856F270B51ADD0A65FCZ-1')
Product(original_price=6.85, new_price=3.45, offer_percentage=0.49639999999999995, item_name='Molokhia With Taqleya', image_link='pzsku/Z811B3AB8A6E82DBE22FAZ/45/_/1724836930/527b0850-6eca-45ba-a4cf-9f778af18969', item_link='https://minutes.noon.com/saudi-en/now-product/Z811B3AB8A6E82DBE22FAZ-1')
Product(original_price=15.85, new_price=8.0, offer_percentage=0.49529999999999996, item_name='Strawberry Jam Sugar free', image_link='pzsku/ZB1F7FD4640202C6C5CB0Z/45/_/1730101098/ac6221c8-b7c2-45be-89bb-9b10b3e82039', item_link='https://minutes.noon.com/saudi-en/now-product/ZB1F7FD4640202C6C5CB0Z-1')
Product(original_price=69.0, new_price=35.0, offer_percentage=0.4928, item_name='4-Port USB 3.0 Data Hub, Ultra-Slim 5Gbps USB-C OTG Hub With 20cm Extended Cable, For MacBook, Mac Pro, Mac Mini, iMac, Surface Pro, XPS, PC, Flash Drive, Mobile HDD (Charging Not Supported)', image_link='pnsku/N70050894V/45/_/1709301862/a87528e1-0d5d-45a8-a471-b9ccde9702bc', item_link='https://minutes.noon.com/saudi-en/now-product/ZEA5A4C62BF38FAA17020Z-1')
Product(original_price=69.0, new_price=35.0, offer_percentage=0.4928, item_name="Powerline II Lightning Cable (3ft), Probably The World's Most Durable Cable, MFi Certified for iPhone 11/11 Pro/11 Pro Max/Xs/XS Max/XR/X/8/8 Plus/7/7 Plus/6/6 Plus", image_link='v1635414016/N12477981A_8', item_link='https://minutes.noon.com/saudi-en/now-product/Z37DF67F7E4412F28CD2DZ-1')
Product(original_price=75.5, new_price=38.5, offer_percentage=0.4901, item_name='Premium Eco Friendly Extra Large Diapers Size 5 (12 Kg Above)', image_link='pzsku/Z834AF8F6DDDE54D9D463Z/45/_/1731155392/dcabd7e7-bf23-414f-8b1f-d878e2bbddd9', item_link='https://minutes.noon.com/saudi-en/now-product/Z834AF8F6DDDE54D9D463Z-1')
Product(original_price=24.5, new_price=12.5, offer_percentage=0.4898, item_name='Halawa Plain', image_link='pnsku/N13422028A/45/_/1727168242/ce3859af-4297-4050-b374-2c46f445fdcd', item_link='https://minutes.noon.com/saudi-en/now-product/ZD53C5267FF8CF6BFBA9BZ-1')
Product(original_price=72.5, new_price=37.0, offer_percentage=0.4897, item_name='Premium Eco Friendly Medium Diapers Size 3 (6-10Kg)', image_link='pzsku/Z55FA9ACE2958E9C65AF5Z/45/_/1732617775/0f8e0550-35f5-496c-b612-7fad817649f2', item_link='https://minutes.noon.com/saudi-en/now-product/Z55FA9ACE2958E9C65AF5Z-1')
Product(original_price=13.65, new_price=7.0, offer_percentage=0.48719999999999997, item_name='Finest Halawa Plain', image_link='pnsku/N25264462A/45/_/1734582388/9287bb84-dd5a-4c2f-8c7a-2c1fe5c0f558', item_link='https://minutes.noon.com/saudi-en/now-product/Z59810BF1CEDF53C41FDEZ-1')
Product(original_price=14.25, new_price=7.45, offer_percentage=0.47719999999999996, item_name='Chicken Mortadella Olive Roll - Low Fat', image_link='pzsku/ZCD9C1075A54544869DD9Z/45/_/1724837109/0951f040-1314-497f-b062-d9b5c24e6d4d', item_link='https://minutes.noon.com/saudi-en/now-product/ZCD9C1075A54544869DD9Z-1')
Product(original_price=6.0, new_price=3.15, offer_percentage=0.475, item_name='Carrot - Australia', image_link='pzsku/Z794EF3810FCE6D2D81FDZ/45/_/1740056573/62f4b09b-c22a-403a-b4d2-fcefca2e035b', item_link='https://minutes.noon.com/saudi-en/now-product/Z794EF3810FCE6D2D81FDZ-1')
Product(original_price=2.85, new_price=1.5, offer_percentage=0.4737, item_name='Hot Sauce', image_link='v1609846025/N29595796A_1', item_link='https://minutes.noon.com/saudi-en/now-product/ZEF0AE19E8E757B6E4BF6Z-1')
Product(original_price=149.0, new_price=79.0, offer_percentage=0.4698, item_name='Pwani Power Bank - High-Capacity Portable Power Bank for Simultaneous Device Charging, Compatible with Smartphones, Tablets, Gaming Devices, Portable DVD Players, MP3/MP4, and Bluetooth Devices, Compact and Travel-Friendly for Instant Power Anywhere -', image_link='pnsku/N70086946V/45/_/1739680878/5b1cf9e7-52be-4f64-9f0f-422ea72151dd', item_link='https://minutes.noon.com/saudi-en/now-product/ZA291E1805DD6D20D2F15Z-1')
Product(original_price=119.0, new_price=64.1, offer_percentage=0.46130000000000004, item_name='Over-Ear Gaming Wired Headphones With Mic For PS4, PS5, XOne, XSeries, Nintendo Switch And PC', image_link='v1667311912/N31079200A_1', item_link='https://minutes.noon.com/saudi-en/now-product/Z97967F4B804C468EABB2Z-1')
Product(original_price=18.35, new_price=10.0, offer_percentage=0.45499999999999996, item_name='Mukhtarat Sliced Green Oilves With Chili In Oilve Oil', image_link='pnsku/N36998515A/45/_/1734582156/13aa21ae-a67b-435d-aaf5-f11fb9b28052', item_link='https://minutes.noon.com/saudi-en/now-product/Z141D0383A0AE2377E770Z-1')
Product(original_price=20.95, new_price=11.5, offer_percentage=0.45109999999999995, item_name='Rash Protection Taped Diapers Size 6 13+kg Carry Pack', image_link='pnsku/N20940457A/45/_/1731011884/a734e762-64c8-4924-b752-286484fb8689', item_link='https://minutes.noon.com/saudi-en/now-product/Z51F1D1CB167E0C1F8192Z-1')
Product(original_price=39.95, new_price=21.95, offer_percentage=0.45056320400500627, item_name='Chicken Strips', image_link='pzsku/Z429EA3F9D7F67F01E429Z/45/_/1724837000/c58b99b8-2112-424a-b467-ace796e1a604', item_link='https://minutes.noon.com/saudi-en/now-product/Z429EA3F9D7F67F01E429Z-1')
Product(original_price=39.95, new_price=21.95, offer_percentage=0.45056320400500627, item_name='Hot And Crunchy Chicken Strips', image_link='pzsku/ZB9540F90673F3AB46188Z/45/_/1724836961/78253037-1a06-4a74-81ed-24274d42c80f', item_link='https://minutes.noon.com/saudi-en/now-product/ZB9540F90673F3AB46188Z-1')
Product(original_price=12.0, new_price=6.6, offer_percentage=0.44999999999999996, item_name='60 Seconds Super Shine Nail Polish –', image_link='v1681982380/N52196026A_1', item_link='https://minutes.noon.com/saudi-en/now-product/Z9131B50E278820F85FF2Z-1')
Product(original_price=19.2, new_price=10.65, offer_percentage=0.44530000000000003, item_name='White Pumpkin - KSA', image_link='pzsku/ZA733459904E86FC37A91Z/45/_/1724837024/b4e4d386-eaa4-44c8-bc55-b6ebbbe2afa6', item_link='https://minutes.noon.com/saudi-en/now-product/ZA733459904E86FC37A91Z-1')
Product(original_price=90.0, new_price=50.0, offer_percentage=0.4444, item_name='K8 RGB Gaming Headset  7.1 Surround Sound Noise Canceling Mic ,PC , PS4-3 , Mobile And Xbox', image_link='v1665986371/N43973548A_1', item_link='https://minutes.noon.com/saudi-en/now-product/ZE3B14A52B6A617A709B2Z-1')
Product(original_price=4.5, new_price=2.5, offer_percentage=0.4444, item_name='Hot Sauce', image_link='v1615618278/N29983691A_1', item_link='https://minutes.noon.com/saudi-en/now-product/Z14C15916AE9F91D968E1Z-1')
Product(original_price=45.1, new_price=25.4, offer_percentage=0.43679999999999997, item_name='Blue II Plus Mens Disposable Razors', image_link='pzsku/Z8BC2522831627B6906C9Z/45/_/1724837073/226de0cd-9f53-4258-a0d0-87190ecd8f7a', item_link='https://minutes.noon.com/saudi-en/now-product/Z8BC2522831627B6906C9Z-1')
Product(original_price=69.0, new_price=39.0, offer_percentage=0.43479999999999996, item_name='541 USB-C to Lightning Cable (Bio-Based 3ft)  B2C - UN White Iteration 1', image_link='pnsku/N53415724A/45/_/1738232852/2f25e2a8-5fa5-41e6-a92c-d74894e6a8be', item_link='https://minutes.noon.com/saudi-en/now-product/ZC3ADC4CE09DB10960193Z-1')
Product(original_price=20.57, new_price=11.95, offer_percentage=0.41910000000000003, item_name='Garlic & Ginger Paste - KSA', image_link='pzsku/Z20E372995185CD440573Z/45/_/1740077519/4686c716-782c-4eca-8fd7-0fe31d4278ea', item_link='https://minutes.noon.com/saudi-en/now-product/Z20E372995185CD440573Z-1')
Product(original_price=11.6, new_price=6.75, offer_percentage=0.4181, item_name='Sweet Tamarind - Thailand', image_link='pzsku/Z8E0898C5817FE1AEB837Z/45/_/1736852923/d0262e3a-96b2-4ad8-9e32-72a4a6e4bdb4', item_link='https://minutes.noon.com/saudi-en/now-product/Z8E0898C5817FE1AEB837Z-1')
Product(original_price=51.25, new_price=29.95, offer_percentage=0.415609756097561, item_name='Corn Flakes', image_link='pzsku/Z40DDBB2F4AC23CCD680EZ/45/_/1724837026/ee800ccf-f7fe-4556-9586-601af5a98986', item_link='https://minutes.noon.com/saudi-en/now-product/Z40DDBB2F4AC23CCD680EZ-1')
Product(original_price=270.0, new_price=158.5, offer_percentage=0.41300000000000003, item_name='DryNites Pyjama Pants, 4-7 years, Bed Wetting Diaper, Girls, 17-30 kg, Jumbo Pack, 64 Pants', image_link='pzsku/Z1EF6DDD6D88EF44E0E6CZ/45/_/1724836985/b41c9359-c4ad-4bc1-8d20-c32219eddded', item_link='https://minutes.noon.com/saudi-en/now-product/Z1EF6DDD6D88EF44E0E6CZ-1')
Product(original_price=8.89, new_price=5.25, offer_percentage=0.4094, item_name='Fresh Broccoli - Spain', image_link='pzsku/ZCD398B5D196F862CDF19Z/45/_/1714394910/d41b87a3-7f1c-47ca-9b55-fdebc48594b6', item_link='https://minutes.noon.com/saudi-en/now-product/ZCD398B5D196F862CDF19Z-1')
Product(original_price=22.0, new_price=13.0, offer_percentage=0.4091, item_name='Rash Protection Taped Diapers Size 3 6-10kg Carry Pack', image_link='pzsku/ZFC0AD17A2D5C562FF231Z/45/_/1735504660/e5346e5c-d46c-4036-9448-31efa1b4f1b0', item_link='https://minutes.noon.com/saudi-en/now-product/ZFC0AD17A2D5C562FF231Z-1')
Product(original_price=18.95, new_price=11.35, offer_percentage=0.4011, item_name='Neem And Turmeric Soap', image_link='pzsku/Z03C6D2B6F9CA17E560DCZ/45/_/1724836716/ef69a4cf-1676-4fc6-8e08-c907852376a4', item_link='https://minutes.noon.com/saudi-en/now-product/Z03C6D2B6F9CA17E560DCZ-1')
Product(original_price=27.1, new_price=16.25, offer_percentage=0.4004, item_name='Men Black And White Invisible Original, Antiperspirant for Men, Spray', image_link='pzsku/Z0CD37FFF5D85A6F75EB5Z/45/_/1724836862/ad021798-ac0d-4caa-bfcf-5b6e1b51bceb', item_link='https://minutes.noon.com/saudi-en/now-product/Z0CD37FFF5D85A6F75EB5Z-1')
Product(original_price=27.1, new_price=16.25, offer_percentage=0.4004, item_name='NIVEA Black And White Invisible Antiperspirant Deodorant Spray For Women, Clear, 72H Active Protection, 5IN1, Anti-Odour, Sweat, Stains, Residues And Irritation', image_link='pzsku/Z836EA4F5EE395541AE6BZ/45/_/1724837103/31a7eec6-c8b2-41bc-af85-88e559b474f4', item_link='https://minutes.noon.com/saudi-en/now-product/Z836EA4F5EE395541AE6BZ-1')
Product(original_price=41.85, new_price=25.1, offer_percentage=0.4002, item_name='Optic White Oxygen Technology Toothpaste', image_link='pzsku/Z73A39089643A69B82C45Z/45/_/1718712179/422152e2-4a98-46c1-9de3-0c79a14a2fa3', item_link='https://minutes.noon.com/saudi-en/now-product/Z73A39089643A69B82C45Z-1')
Product(original_price=7.25, new_price=4.35, offer_percentage=0.4, item_name='Classic Cream Ice Cream Cone', image_link='pzsku/Z0197AAC24D6B8D1849F9Z/45/_/1711545248/8e92fef1-22a1-46b6-97a3-49f7eade484c', item_link='https://minutes.noon.com/saudi-en/now-product/Z0197AAC24D6B8D1849F9Z-1')
Product(original_price=27.0, new_price=16.2, offer_percentage=0.4, item_name='Deep Black Charcoal & Dark Wood Anti-Perspirant Spray Multicolour', image_link='pzsku/ZE102EAD948D43FA68089Z/45/_/1739479604/7aaf98e6-0b97-4b5e-8ab4-c3c324a032af', item_link='https://minutes.noon.com/saudi-en/now-product/ZE102EAD948D43FA68089Z-1')
Product(original_price=32.25, new_price=19.35, offer_percentage=0.4, item_name='48 h Intense Moisture Rich Nourishing Body Lotion For Dry Skin', image_link='pzsku/Z7A66DF73523F594286CFZ/45/_/1724837160/0b6bb817-caf1-4aa3-a72d-e7b39d56f956', item_link='https://minutes.noon.com/saudi-en/now-product/Z7A66DF73523F594286CFZ-1')
Product(original_price=27.0, new_price=16.2, offer_percentage=0.4, item_name='Fresh Natural Deodorant for Women Ocean Extracts Spray', image_link='pzsku/Z936C65BD04DE26392018Z/45/_/1724837031/959df947-0d9e-4f05-a9bc-e80ae03fe9ff', item_link='https://minutes.noon.com/saudi-en/now-product/Z936C65BD04DE26392018Z-1')
Product(original_price=40.0, new_price=24.0, offer_percentage=0.4, item_name='Baby Care Travel Pack With Shampoo, Lotion, Powder And Bath', image_link='pzsku/Z6A8F26DBBD3031301E99Z/45/_/1724836875/2f3a56e9-6eb5-4196-b401-d90d079e7851', item_link='https://minutes.noon.com/saudi-en/now-product/Z6A8F26DBBD3031301E99Z-1')
5
0
-
P
i
e
c
e
 
W
a
t
e
r
p
r
o
o
f
 
S
e
l
f
 
A
d
h
e
s
i
v
e
 
C
o
o
l
 
V
i
n
y
l
 
D
e
c
a
l
 
G
r
a
f
f
i
t
i
 
S
t
i
c
k
e
r
 
S
e
t
,
h
t
t
p
s
:
/
/
m
i
n
u
t
e
s
.
n
o
o
n
.
c
o
m
/
s
a
u
d
i
-
e
n
/
n
o
w
-
p
r
o
d
u
c
t
/
Z
A
6
5
B
D
1
B
C
9
5
E
E
8
F
6
8
D
9
1
4
Z
-
1
,
 
1
4
9
.
0
,
 
5
.
8
,
 
0
.
9
6
1
1
5
0
-
P
i
e
c
e
 
W
a
t
e
r
p
r
o
o
f
 
S
e
l
f
 
A
d
h
e
s
i
v
e
 
C
o
o
l
 
V
i
n
y
l
 
D
e
c
a
l
 
G
r
a
f
f
i
t
i
 
S
t
i
c
k
e
r
 
S
e
t
,
h
t
t
p
s
:
/
/
m
i
n
u
t
e
s
.
n
o
o
n
.
c
o
m
/
s
a
u
d
i
-
e
n
/
n
o
w
-
p
r
o
d
u
c
t
/
Z
3
E
8
7
8
E
A
8
4
C
5
D
C
B
4
A
3
2
6
7
Z
-
1
,
 
1
4
9
.
0
,
 
7
.
9
,
 
0
.
9
4
7
1
1
0
-
P
i
e
c
e
 
C
o
l
o
r
f
u
l
 
L
e
a
r
n
i
n
g
 
E
d
u
c
a
t
i
o
n
a
l
 
C
o
n
s
t
r
u
c
t
i
o
n
 
E
n
g
i
n
e
e
r
i
n
g
 
K
i
t
s
 
3
+
 
Y
e
a
r
s
,
h
t
t
p
s
:
/
/
m
i
n
u
t
e
s
.
n
o
o
n
.
c
o
m
/
s
a
u
d
i
-
e
n
/
n
o
w
-
p
r
o
d
u
c
t
/
Z
4
D
C
E
6
D
E
2
6
6
1
B
B
A
2
6
4
E
7
A
Z
-
1
,
 
1
8
4
.
0
,
 
1
2
.
0
,
 
0
.
9
3
4
8
6
-
P
i
e
c
e
 
P
r
o
f
e
s
s
i
o
n
a
l
 
H
a
i
r
 
D
r
y
e
r
 
S
e
t
 
,
2
0
0
0
W
,
h
t
t
p
s
:
/
/
m
i
n
u
t
e
s
.
n
o
o
n
.
c
o
m
/
s
a
u
d
i
-
e
n
/
n
o
w
-
p
r
o
d
u
c
t
/
Z
E
0
3
B
9
7
1
A
2
7
5
6
4
C
2
6
0
7
3
1
Z
-
1
,
 
9
0
0
.
0
,
 
6
9
.
0
,
 
0
.
9
2
3
3
6
1
-
K
e
y
s
 
W
i
r
e
d
 
W
a
t
e
r
p
r
o
o
f
 
R
G
B
 
B
a
c
k
l
i
t
 
G
a
m
i
n
g
 
K
e
y
b
o
a
r
d
,
h
t
t
p
s
:
/
/
m
i
n
u
t
e
s
.
n
o
o
n
.
c
o
m
/
s
a
u
d
i
-
e
n
/
n
o
w
-
p
r
o
d
u
c
t
/
Z
1
7
A
2
1
7
F
2
8
1
2
D
A
E
1
F
1
6
5
D
Z
-
1
,
 
3
9
9
.
0
,
 
5
5
.
7
,
 
0
.
8
6
0
4
E
l
e
c
t
r
i
c
 
F
u
z
z
 
L
i
n
t
 
R
e
m
o
v
e
r
,
h
t
t
p
s
:
/
/
m
i
n
u
t
e
s
.
n
o
o
n
.
c
o
m
/
s
a
u
d
i
-
e
n
/
n
o
w
-
p
r
o
d
u
c
t
/
Z
E
7
9
2
B
B
E
A
3
B
8
9
5
E
F
6
3
D
1
5
Z
-
1
,
 
7
1
.
8
5
,
 
1
2
.
9
,
 
0
.
8
2
0
5
P
a
c
k
 
O
f
 
2
 
C
l
o
s
e
r
 
T
o
 
N
a
t
u
r
e
 
S
i
l
i
c
o
n
e
 
T
e
a
t
s
,
h
t
t
p
s
:
/
/
m
i
n
u
t
e
s
.
n
o
o
n
.
c
o
m
/
s
a
u
d
i
-
e
n
/
n
o
w
-
p
r
o
d
u
c
t
/
Z
2
4
1
5
6
9
3
9
1
B
2
0
B
3
D
C
0
B
5
B
Z
-
1
,
 
1
0
0
.
0
,
 
1
9
.
9
5
,
 
0
.
8
0
0
5
6
5
0
-
w
a
t
t
 
c
o
f
f
e
e
 
m
a
k
e
r
 
f
o
r
 
p
r
e
p
a
r
i
n
g
 
6
 
c
u
p
s
,
 
w
i
t
h
 
a
 
r
e
m
o
v
a
b
l
e
 
a
n
d
 
r
e
u
s
a
b
l
e
 
f
i
l
t
e
r
,
 
w
i
t
h
 
a
n
 
a
u
t
o
m
a
t
i
c
 
s
h
u
t
-
o
f
f
 
f
e
a
t
u
r
e
 
a
n
d
 
a
n
t
i
-
d
r
i
p
,
 
h
e
a
t
-
r
e
s
i
s
t
a
n
t
 
g
l
a
s
s
 
j
u
g
,
h
t
t
p
s
:
/
/
m
i
n
u
t
e
s
.
n
o
o
n
.
c
o
m
/
s
a
u
d
i
-
e
n
/
n
o
w
-
p
r
o
d
u
c
t
/
Z
6
0
A
4
C
E
5
B
1
B
E
4
4
0
9
2
0
4
B
9
Z
-
1
,
 
2
2
0
.
0
,
 
4
9
.
0
,
 
0
.
7
7
7
3
P
o
r
t
a
b
l
e
 
e
l
e
c
t
r
i
c
 
c
o
f
f
e
e
 
g
r
i
n
d
e
r
 
r
e
c
h
a
r
g
e
a
b
l
e
 
b
l
a
c
k
 
U
S
B
 
C
,
h
t
t
p
s
:
/
/
m
i
n
u
t
e
s
.
n
o
o
n
.
c
o
m
/
s
a
u
d
i
-
e
n
/
n
o
w
-
p
r
o
d
u
c
t
/
Z
4
2
B
F
2
C
B
E
5
B
A
3
8
D
F
9
4
0
E
8
Z
-
1
,
 
2
5
0
.
0
,
 
5
9
.
0
,
 
0
.
7
6
4
G
a
r
m
e
n
t
 
S
t
e
a
m
e
r
 
I
r
o
n
,
H
i
g
h
-
P
o
w
e
r
 
H
a
n
d
h
e
l
d
 
G
a
r
m
e
n
t
 
S
t
e
a
m
e
r
 
C
l
o
t
h
e
s
 
S
t
e
a
m
e
r
 
P
o
r
t
a
b
l
e
 
S
t
e
a
m
 
I
r
o
n
 
3
0
s
 
F
a
s
t
 
H
e
a
t
-
u
p
 
I
r
o
n
i
n
g
 
W
r
i
n
k
l
e
 
R
e
m
o
v
e
r
 
-
1
5
0
0
W
 
2
8
0
M
L
,
h
t
t
p
s
:
/
/
m
i
n
u
t
e
s
.
n
o
o
n
.
c
o
m
/
s
a
u
d
i
-
e
n
/
n
o
w
-
p
r
o
d
u
c
t
/
Z
5
C
4
1
8
3
B
7
C
D
6
7
4
F
C
B
2
0
B
2
Z
-
1
,
 
2
8
8
.
0
,
 
7
0
.
0
,
 
0
.
7
5
6
9
G
a
r
m
e
n
t
 
S
t
e
a
m
e
r
 
I
r
o
n
,
H
i
g
h
-
P
o
w
e
r
 
H
a
n
d
h
e
l
d
 
G
a
r
m
e
n
t
 
S
t
e
a
m
e
r
 
C
l
o
t
h
e
s
 
S
t
e
a
m
e
r
 
P
o
r
t
a
b
l
e
 
S
t
e
a
m
 
I
r
o
n
 
3
0
s
 
F
a
s
t
 
H
e
a
t
-
u
p
 
I
r
o
n
i
n
g
 
W
r
i
n
k
l
e
 
R
e
m
o
v
e
r
 
-
1
5
0
0
W
 
3
0
0
M
L
,
h
t
t
p
s
:
/
/
m
i
n
u
t
e
s
.
n
o
o
n
.
c
o
m
/
s
a
u
d
i
-
e
n
/
n
o
w
-
p
r
o
d
u
c
t
/
Z
F
5
A
9
3
5
F
5
2
F
B
2
9
C
D
D
6
C
B
9
Z
-
1
,
 
2
7
9
.
0
,
 
6
8
.
9
,
 
0
.
7
5
3
B
l
e
n
d
e
r
 
w
i
t
h
 
G
r
i
n
d
e
r
 
M
i
l
l
s
,
 
1
.
5
L
 
J
a
r
,
 
2
x
 
3
0
0
m
l
 
G
r
i
n
d
i
n
g
 
M
i
l
l
s
,
 
S
t
a
i
n
l
e
s
s
 
S
t
e
e
l
 
B
l
a
d
e
s
,
 
2
-
S
p
e
e
d
 
w
i
t
h
 
P
u
l
s
e
 
C
o
n
t
r
o
l
,
 
P
e
r
f
e
c
t
 
f
o
r
 
S
m
o
o
t
h
i
e
s
,
 
C
o
f
f
e
e
,
 
H
e
r
b
s
,
 
a
n
d
 
S
p
i
c
e
s
,
,
h
t
t
p
s
:
/
/
m
i
n
u
t
e
s
.
n
o
o
n
.
c
o
m
/
s
a
u
d
i
-
e
n
/
n
o
w
-
p
r
o
d
u
c
t
/
Z
7
4
E
3
B
5
4
B
2
2
9
1
1
2
5
5
F
0
7
7
Z
-
1
,
 
3
9
9
.
0
,
 
9
9
.
0
,
 
0
.
7
5
1
9
R
e
g
u
l
a
r
 
C
a
r
b
o
n
a
t
e
d
 
S
o
f
t
 
D
r
i
n
k
 
1
5
0
m
l
,
h
t
t
p
s
:
/
/
m
i
n
u
t
e
s
.
n
o
o
n
.
c
o
m
/
s
a
u
d
i
-
e
n
/
n
o
w
-
p
r
o
d
u
c
t
/
Z
7
9
D
3
1
3
B
A
D
4
7
0
E
F
6
1
2
3
6
C
Z
-
1
,
 
2
.
0
,
 
0
.
5
,
 
0
.
7
5
P
u
r
e
 
R
o
s
e
m
a
r
y
 
E
s
s
e
n
t
i
a
l
 
O
i
l
,
h
t
t
p
s
:
/
/
m
i
n
u
t
e
s
.
n
o
o
n
.
c
o
m
/
s
a
u
d
i
-
e
n
/
n
o
w
-
p
r
o
d
u
c
t
/
Z
C
5
0
A
A
1
D
6
1
C
E
6
B
7
4
7
6
C
5
6
Z
-
1
,
 
5
9
.
9
5
,
 
1
5
.
0
,
 
0
.
7
4
9
8
B
u
e
n
o
 
M
i
l
k
 
C
h
o
c
o
l
a
t
e
 
B
a
r
 
I
n
 
W
a
f
e
r
 
W
i
t
h
 
H
a
z
e
l
n
u
t
 
C
r
e
a
m
,
h
t
t
p
s
:
/
/
m
i
n
u
t
e
s
.
n
o
o
n
.
c
o
m
/
s
a
u
d
i
-
e
n
/
n
o
w
-
p
r
o
d
u
c
t
/
Z
A
0
2
4
3
4
8
4
D
8
1
C
E
E
6
B
6
7
4
E
Z
-
1
,
 
3
.
9
5
,
 
1
.
0
,
 
0
.
7
4
6
8
3
5
4
4
3
0
3
7
9
7
4
7
2
2
m
m
 
Z
i
k
r
 
R
i
n
g
 
S
m
a
r
t
 
R
i
n
g
 
w
i
t
h
 
V
i
b
r
a
t
i
o
n
 
R
e
m
i
n
d
e
r
 
T
a
s
b
i
h
 
C
o
u
n
t
e
r
 
a
n
d
 
B
l
u
e
t
o
o
t
h
 
C
o
n
n
e
c
t
i
o
n
 
f
o
r
 
E
x
c
l
u
s
i
v
e
 
I
Q
I
B
L
A
 
A
p
p
 
a
n
d
 
5
 
D
a
i
l
y
 
P
r
a
y
e
r
 
R
e
m
i
n
d
e
r
s
,
h
t
t
p
s
:
/
/
m
i
n
u
t
e
s
.
n
o
o
n
.
c
o
m
/
s
a
u
d
i
-
e
n
/
n
o
w
-
p
r
o
d
u
c
t
/
Z
6
F
4
C
A
6
E
E
7
7
4
A
4
E
2
0
0
5
5
8
Z
-
1
,
 
2
0
0
.
0
,
 
5
1
.
0
,
 
0
.
7
4
5
S
u
p
e
r
 
L
u
s
t
r
o
u
s
 
M
a
t
t
e
 
L
i
p
s
t
i
c
k
,
h
t
t
p
s
:
/
/
m
i
n
u
t
e
s
.
n
o
o
n
.
c
o
m
/
s
a
u
d
i
-
e
n
/
n
o
w
-
p
r
o
d
u
c
t
/
Z
A
B
8
C
8
1
5
9
2
7
4
B
2
D
A
5
A
C
7
A
Z
-
1
,
 
5
7
.
9
5
,
 
1
5
.
0
,
 
0
.
7
4
1
2
0
0
0
0
0
0
0
0
0
0
0
1
O
r
i
g
i
n
a
l
 
C
h
o
c
o
l
a
t
e
 
B
a
r
,
h
t
t
p
s
:
/
/
m
i
n
u
t
e
s
.
n
o
o
n
.
c
o
m
/
s
a
u
d
i
-
e
n
/
n
o
w
-
p
r
o
d
u
c
t
/
Z
7
3
0
A
9
5
F
8
1
6
F
E
8
2
B
A
F
8
4
F
Z
-
1
,
 
3
.
7
5
,
 
1
.
0
,
 
0
.
7
3
3
3
3
3
3
3
3
3
3
3
3
3
3
4
E
l
e
c
t
r
i
c
 
A
i
r
 
B
l
o
w
e
r
,
h
t
t
p
s
:
/
/
m
i
n
u
t
e
s
.
n
o
o
n
.
c
o
m
/
s
a
u
d
i
-
e
n
/
n
o
w
-
p
r
o
d
u
c
t
/
Z
1
A
9
4
B
7
F
F
8
6
A
5
5
7
0
B
E
A
E
F
Z
-
1
,
 
5
8
.
5
5
,
 
1
6
.
0
,
 
0
.
7
2
6
7
A
l
o
e
 
S
o
o
t
h
i
n
g
 
S
u
n
 
C
r
e
a
m
,
h
t
t
p
s
:
/
/
m
i
n
u
t
e
s
.
n
o
o
n
.
c
o
m
/
s
a
u
d
i
-
e
n
/
n
o
w
-
p
r
o
d
u
c
t
/
Z
5
A
4
9
B
4
3
8
3
3
9
9
6
B
D
1
4
A
8
4
Z
-
1
,
 
9
5
.
0
,
 
2
6
.
0
,
 
0
.
7
2
6
3
C
u
c
u
m
b
e
r
 
-
 
K
S
A
,
h
t
t
p
s
:
/
/
m
i
n
u
t
e
s
.
n
o
o
n
.
c
o
m
/
s
a
u
d
i
-
e
n
/
n
o
w
-
p
r
o
d
u
c
t
/
Z
3
B
B
4
D
1
4
B
E
1
C
7
4
9
1
E
F
6
B
C
Z
-
1
,
 
9
.
3
2
,
 
2
.
7
5
,
 
0
.
7
0
4
9
0
0
0
0
0
0
0
0
0
0
0
1
2
0
m
m
 
Z
i
k
r
 
R
i
n
g
 
S
m
a
r
t
 
R
i
n
g
 
w
i
t
h
 
V
i
b
r
a
t
i
o
n
 
R
e
m
i
n
d
e
r
 
T
a
s
b
i
h
 
C
o
u
n
t
e
r
 
a
n
d
 
B
l
u
e
t
o
o
t
h
 
C
o
n
n
e
c
t
i
o
n
 
f
o
r
 
E
x
c
l
u
s
i
v
e
 
I
Q
I
B
L
A
 
A
p
p
 
a
n
d
 
5
 
D
a
i
l
y
 
P
r
a
y
e
r
 
R
e
m
i
n
d
e
r
s
,
h
t
t
p
s
:
/
/
m
i
n
u
t
e
s
.
n
o
o
n
.
c
o
m
/
s
a
u
d
i
-
e
n
/
n
o
w
-
p
r
o
d
u
c
t
/
Z
6
F
5
A
6
9
F
3
0
9
6
C
7
4
8
A
F
2
C
F
Z
-
1
,
 
2
0
0
.
0
,
 
6
0
.
0
,
 
0
.
7
B
e
r
r
y
 
C
o
p
a
 
C
r
u
s
h
 
H
y
d
r
a
t
i
o
n
 
D
r
i
n
k
,
h
t
t
p
s
:
/
/
m
i
n
u
t
e
s
.
n
o
o
n
.
c
o
m
/
s
a
u
d
i
-
e
n
/
n
o
w
-
p
r
o
d
u
c
t
/
Z
C
B
E
A
3
5
3
C
8
D
4
E
0
C
4
D
9
D
2
E
Z
-
1
,
 
4
9
.
9
5
,
 
1
5
.
0
,
 
0
.
6
9
9
6
9
9
6
9
9
6
9
9
6
9
9
7
M
i
a
m
i
 
P
u
n
c
h
 
H
y
d
r
a
t
i
o
n
 
D
r
i
n
k
,
h
t
t
p
s
:
/
/
m
i
n
u
t
e
s
.
n
o
o
n
.
c
o
m
/
s
a
u
d
i
-
e
n
/
n
o
w
-
p
r
o
d
u
c
t
/
Z
8
6
2
9
E
C
8
9
A
B
7
D
1
7
C
E
4
F
7
C
Z
-
1
,
 
4
9
.
9
5
,
 
1
5
.
0
,
 
0
.
6
9
9
6
9
9
6
9
9
6
9
9
6
9
9
7
L
i
m
o
n
 
L
i
m
e
 
L
e
a
g
u
e
 
H
y
d
r
a
t
i
o
n
 
D
r
i
n
k
,
h
t
t
p
s
:
/
/
m
i
n
u
t
e
s
.
n
o
o
n
.
c
o
m
/
s
a
u
d
i
-
e
n
/
n
o
w
-
p
r
o
d
u
c
t
/
Z
1
4
1
9
C
A
2
4
7
1
1
1
5
7
2
2
7
8
6
0
Z
-
1
,
 
4
9
.
9
5
,
 
1
5
.
0
,
 
0
.
6
9
9
6
9
9
6
9
9
6
9
9
6
9
9
7
O
r
a
n
g
e
 
D
 
O
r
 
H
y
d
r
a
t
i
o
n
 
D
r
i
n
k
,
h
t
t
p
s
:
/
/
m
i
n
u
t
e
s
.
n
o
o
n
.
c
o
m
/
s
a
u
d
i
-
e
n
/
n
o
w
-
p
r
o
d
u
c
t
/
Z
E
B
7
B
1
0
E
D
D
9
0
9
6
D
0
5
2
1
6
1
Z
-
1
,
 
4
9
.
9
5
,
 
1
5
.
0
,
 
0
.
6
9
9
6
9
9
6
9
9
6
9
9
6
9
9
7
L
o
n
g
l
a
s
t
i
n
g
 
E
y
e
 
P
e
n
c
i
l
,
h
t
t
p
s
:
/
/
m
i
n
u
t
e
s
.
n
o
o
n
.
c
o
m
/
s
a
u
d
i
-
e
n
/
n
o
w
-
p
r
o
d
u
c
t
/
Z
A
7
E
8
7
E
D
D
7
A
2
A
D
2
7
3
6
2
6
1
Z
-
1
,
 
1
9
.
0
,
 
5
.
9
5
,
 
0
.
6
8
6
8
0
0
0
0
0
0
0
0
0
0
0
1
4
0
-
P
i
e
c
e
 
A
m
e
r
i
c
a
n
 
C
o
f
f
e
e
 
D
r
i
p
 
F
i
l
t
e
r
 
P
a
p
e
r
,
h
t
t
p
s
:
/
/
m
i
n
u
t
e
s
.
n
o
o
n
.
c
o
m
/
s
a
u
d
i
-
e
n
/
n
o
w
-
p
r
o
d
u
c
t
/
Z
5
2
2
2
0
2
5
B
1
B
4
A
7
F
1
5
0
4
8
B
Z
-
1
,
 
2
5
.
0
,
 
7
.
9
,
 
0
.
6
8
3
9
9
9
9
9
9
9
9
9
9
9
9
9
L
P
4
0
 
W
i
r
e
l
e
s
s
 
B
l
u
e
t
o
o
t
h
 
E
a
r
b
u
d
s
,
h
t
t
p
s
:
/
/
m
i
n
u
t
e
s
.
n
o
o
n
.
c
o
m
/
s
a
u
d
i
-
e
n
/
n
o
w
-
p
r
o
d
u
c
t
/
Z
3
1
4
8
9
C
7
D
C
4
5
2
0
C
5
5
7
E
A
2
Z
-
1
,
 
8
9
.
0
,
 
2
9
.
0
,
 
0
.
6
7
4
2
P
2
0
i
 
B
l
u
e
t
o
o
t
h
 
E
a
r
p
h
o
n
e
s
,
 
1
0
m
m
 
D
r
i
v
e
r
s
 
w
i
t
h
 
B
i
g
 
B
a
s
s
 
T
r
u
e
 
W
i
r
e
l
e
s
s
 
E
a
r
b
u
d
s
,
 
3
0
H
 
P
l
a
y
t
i
m
e
,
 
I
P
X
5
,
 
2
 
M
i
c
s
 
f
o
r
 
A
I
 
C
l
e
a
r
 
C
a
l
l
s
,
 
2
2
 
P
r
e
s
e
t
 
E
Q
s
,
 
C
u
s
t
o
m
i
z
a
t
i
o
n
 
v
i
a
 
A
p
p
,
h
t
t
p
s
:
/
/
m
i
n
u
t
e
s
.
n
o
o
n
.
c
o
m
/
s
a
u
d
i
-
e
n
/
n
o
w
-
p
r
o
d
u
c
t
/
Z
E
3
1
9
8
6
2
D
4
B
C
1
0
A
C
9
F
9
7
6
Z
-
1
,
 
1
5
9
.
0
,
 
5
4
.
0
,
 
0
.
6
6
0
4
B
a
n
a
n
a
 
-
 
E
c
u
a
d
o
r
,
h
t
t
p
s
:
/
/
m
i
n
u
t
e
s
.
n
o
o
n
.
c
o
m
/
s
a
u
d
i
-
e
n
/
n
o
w
-
p
r
o
d
u
c
t
/
Z
A
D
5
1
6
7
8
6
8
9
9
4
B
7
C
F
B
6
F
F
Z
-
1
,
 
9
.
2
8
,
 
3
.
2
5
,
 
0
.
6
4
9
7
9
9
9
9
9
9
9
9
9
9
9
9
G
r
e
e
n
 
B
e
l
l
 
P
e
p
p
e
r
 
-
 
K
S
A
,
h
t
t
p
s
:
/
/
m
i
n
u
t
e
s
.
n
o
o
n
.
c
o
m
/
s
a
u
d
i
-
e
n
/
n
o
w
-
p
r
o
d
u
c
t
/
Z
0
6
B
1
1
7
6
B
D
7
6
F
6
0
6
4
8
6
6
6
Z
-
1
,
 
9
.
7
2
,
 
3
.
5
,
 
0
.
6
3
9
9
T
h
e
 
B
i
g
 
D
a
d
d
y
 
-
 
N
u
t
e
l
l
a
 
K
u
n
a
f
a
 
D
u
b
a
i
 
V
i
r
a
l
 
C
h
o
c
o
l
a
t
e
,
h
t
t
p
s
:
/
/
m
i
n
u
t
e
s
.
n
o
o
n
.
c
o
m
/
s
a
u
d
i
-
e
n
/
n
o
w
-
p
r
o
d
u
c
t
/
Z
C
7
6
C
7
6
B
8
0
9
E
E
3
5
0
E
4
7
2
7
Z
-
1
,
 
2
6
.
9
5
,
 
1
0
.
0
,
 
0
.
6
2
8
9
S
u
p
e
r
 
C
o
l
l
a
g
e
n
 
P
l
u
s
 
V
i
t
a
m
i
n
 
C
 
A
n
d
 
B
i
o
t
i
n
 
1
8
0
 
T
a
b
l
e
t
s
,
h
t
t
p
s
:
/
/
m
i
n
u
t
e
s
.
n
o
o
n
.
c
o
m
/
s
a
u
d
i
-
e
n
/
n
o
w
-
p
r
o
d
u
c
t
/
Z
B
1
F
B
1
F
7
7
7
3
5
9
A
C
B
5
E
E
5
6
Z
-
1
,
 
1
9
9
.
9
5
,
 
7
6
.
0
,
 
0
.
6
1
9
9
M
i
c
e
l
l
a
r
 
C
l
e
a
n
s
i
n
g
 
W
a
t
e
r
 
F
o
r
 
S
e
n
s
i
t
i
v
e
 
S
k
i
n
,
h
t
t
p
s
:
/
/
m
i
n
u
t
e
s
.
n
o
o
n
.
c
o
m
/
s
a
u
d
i
-
e
n
/
n
o
w
-
p
r
o
d
u
c
t
/
Z
4
E
A
4
9
E
5
A
4
D
E
7
7
5
9
A
1
B
C
E
Z
-
1
,
 
6
5
.
5
,
 
2
5
.
8
,
 
0
.
6
0
6
1
0
0
0
0
0
0
0
0
0
0
0
1
L
'
O
r
é
a
l
 
P
a
r
i
s
 
H
y
d
r
a
 
G
e
n
i
u
s
 
A
l
o
e
 
W
a
t
e
r
 
7
2
H
 
L
i
q
u
i
d
 
M
o
i
s
t
u
r
i
z
e
r
 
N
o
r
m
a
l
 
t
o
 
C
o
m
b
i
n
a
t
i
o
n
 
s
k
i
n
,
h
t
t
p
s
:
/
/
m
i
n
u
t
e
s
.
n
o
o
n
.
c
o
m
/
s
a
u
d
i
-
e
n
/
n
o
w
-
p
r
o
d
u
c
t
/
Z
D
8
2
5
4
F
9
E
5
6
9
3
5
7
6
2
5
D
A
B
Z
-
1
,
 
6
2
.
9
,
 
2
4
.
9
,
 
0
.
6
0
4
1
0
0
0
0
0
0
0
0
0
0
0
1
S
o
l
o
 
U
n
i
q
u
e
 
B
r
u
s
h
 
H
a
i
r
s
t
y
l
e
 
-
 
P
a
c
k
a
g
i
n
g
 
M
a
y
 
V
a
r
y
,
h
t
t
p
s
:
/
/
m
i
n
u
t
e
s
.
n
o
o
n
.
c
o
m
/
s
a
u
d
i
-
e
n
/
n
o
w
-
p
r
o
d
u
c
t
/
Z
7
C
6
F
3
F
E
7
B
4
9
9
A
6
E
0
7
8
1
3
Z
-
1
,
 
2
9
9
.
0
,
 
1
1
9
.
0
,
 
0
.
6
0
2
O
p
t
i
c
 
W
h
i
t
e
 
E
x
p
e
r
t
 
T
o
o
t
h
p
a
s
t
e
,
h
t
t
p
s
:
/
/
m
i
n
u
t
e
s
.
n
o
o
n
.
c
o
m
/
s
a
u
d
i
-
e
n
/
n
o
w
-
p
r
o
d
u
c
t
/
Z
0
3
D
0
9
B
6
2
C
2
8
1
8
4
0
C
D
3
A
C
Z
-
1
,
 
4
8
.
2
5
,
 
1
9
.
3
,
 
0
.
6
S
w
e
e
t
 
C
o
r
n
 
-
 
K
S
A
,
h
t
t
p
s
:
/
/
m
i
n
u
t
e
s
.
n
o
o
n
.
c
o
m
/
s
a
u
d
i
-
e
n
/
n
o
w
-
p
r
o
d
u
c
t
/
Z
9
B
F
4
D
E
D
9
2
6
F
B
4
F
0
A
2
D
F
E
Z
-
1
,
 
7
.
3
,
 
2
.
9
5
,
 
0
.
5
9
5
9
M
a
n
d
a
r
i
n
 
-
 
E
g
y
p
t
,
h
t
t
p
s
:
/
/
m
i
n
u
t
e
s
.
n
o
o
n
.
c
o
m
/
s
a
u
d
i
-
e
n
/
n
o
w
-
p
r
o
d
u
c
t
/
Z
0
0
A
6
8
2
3
0
1
9
9
1
2
3
F
6
A
3
B
8
Z
-
1
,
 
7
.
3
2
,
 
3
.
0
5
,
 
0
.
5
8
3
2
9
9
9
9
9
9
9
9
9
9
9
9
C
h
a
p
a
g
e
t
t
i
,
h
t
t
p
s
:
/
/
m
i
n
u
t
e
s
.
n
o
o
n
.
c
o
m
/
s
a
u
d
i
-
e
n
/
n
o
w
-
p
r
o
d
u
c
t
/
Z
6
9
C
3
2
7
F
5
D
8
7
6
D
4
C
3
B
6
4
5
Z
-
1
,
 
6
.
5
,
 
2
.
7
5
,
 
0
.
5
7
6
9
P
r
a
l
i
n
e
s
 
'
n
 
C
r
e
a
m
 
I
c
e
 
C
r
e
a
m
,
h
t
t
p
s
:
/
/
m
i
n
u
t
e
s
.
n
o
o
n
.
c
o
m
/
s
a
u
d
i
-
e
n
/
n
o
w
-
p
r
o
d
u
c
t
/
Z
4
7
0
0
9
B
6
C
8
1
E
6
7
4
A
8
5
1
3
B
Z
-
1
,
 
9
.
9
5
,
 
4
.
2
5
,
 
0
.
5
7
2
8
6
4
3
2
1
6
0
8
0
4
0
2
B
a
n
a
n
a
 
-
 
E
c
u
a
d
o
r
,
h
t
t
p
s
:
/
/
m
i
n
u
t
e
s
.
n
o
o
n
.
c
o
m
/
s
a
u
d
i
-
e
n
/
n
o
w
-
p
r
o
d
u
c
t
/
Z
D
2
0
6
0
C
4
A
8
F
2
3
E
B
9
E
5
A
B
3
Z
-
1
,
 
1
2
.
8
5
,
 
5
.
5
,
 
0
.
5
7
2
0
0
0
0
0
0
0
0
0
0
0
0
1
1
5
-
P
i
e
c
e
 
D
e
c
o
r
a
t
i
v
e
 
B
i
r
t
h
d
a
y
 
P
a
r
t
y
 
I
n
f
l
a
t
a
b
l
e
 
B
a
l
l
o
o
n
 
S
e
t
 
W
i
t
h
 
C
o
n
f
e
t
t
i
,
h
t
t
p
s
:
/
/
m
i
n
u
t
e
s
.
n
o
o
n
.
c
o
m
/
s
a
u
d
i
-
e
n
/
n
o
w
-
p
r
o
d
u
c
t
/
Z
4
1
3
B
7
E
0
0
2
6
1
5
4
B
E
4
0
8
6
6
Z
-
1
,
 
2
3
.
0
,
 
1
0
.
0
,
 
0
.
5
6
5
1
9
9
9
9
9
9
9
9
9
9
9
9
G
a
r
l
i
c
 
-
 
C
h
i
n
a
,
h
t
t
p
s
:
/
/
m
i
n
u
t
e
s
.
n
o
o
n
.
c
o
m
/
s
a
u
d
i
-
e
n
/
n
o
w
-
p
r
o
d
u
c
t
/
Z
1
C
A
B
0
3
7
8
E
5
6
8
E
2
6
A
0
0
8
6
Z
-
1
,
 
6
.
2
9
,
 
2
.
7
5
,
 
0
.
5
6
2
8
B
a
n
d
 
9
 
S
m
a
r
t
 
W
a
t
c
h
,
 
U
l
t
r
a
-
T
h
i
n
 
D
e
s
i
g
n
 
A
n
d
 
C
o
m
f
o
r
t
a
b
l
e
 
W
e
a
r
i
n
g
,
 
S
c
i
e
n
t
i
f
i
c
 
S
l
e
e
p
 
A
n
a
l
y
s
i
s
,
 
D
u
r
a
b
l
e
 
B
a
t
t
e
r
y
 
L
i
f
e
,
 
I
O
S
 
A
n
d
 
A
n
d
r
o
i
d
,
h
t
t
p
s
:
/
/
m
i
n
u
t
e
s
.
n
o
o
n
.
c
o
m
/
s
a
u
d
i
-
e
n
/
n
o
w
-
p
r
o
d
u
c
t
/
Z
1
B
1
F
3
4
6
8
6
4
F
2
4
9
A
0
B
D
9
A
Z
-
1
,
 
2
4
9
.
0
,
 
1
0
9
.
0
,
 
0
.
5
6
2
2
M
a
y
b
e
l
l
i
n
e
 
N
e
w
 
Y
o
r
k
 
C
o
l
o
s
s
a
l
 
K
a
j
a
l
 
A
r
g
a
n
 
O
i
l
 
E
y
e
l
i
n
e
r
,
h
t
t
p
s
:
/
/
m
i
n
u
t
e
s
.
n
o
o
n
.
c
o
m
/
s
a
u
d
i
-
e
n
/
n
o
w
-
p
r
o
d
u
c
t
/
Z
C
5
D
7
0
A
5
9
A
A
0
B
2
2
2
2
A
2
F
9
Z
-
1
,
 
3
9
.
8
5
,
 
1
7
.
4
5
,
 
0
.
5
6
2
1
C
h
a
k
k
i
 
F
r
e
s
h
 
A
t
t
a
,
h
t
t
p
s
:
/
/
m
i
n
u
t
e
s
.
n
o
o
n
.
c
o
m
/
s
a
u
d
i
-
e
n
/
n
o
w
-
p
r
o
d
u
c
t
/
Z
D
C
3
3
6
B
D
B
1
A
F
E
0
5
C
8
8
B
D
5
Z
-
1
,
 
3
.
9
5
,
 
1
.
7
5
,
 
0
.
5
5
6
9
9
9
9
9
9
9
9
9
9
9
9
9
E
l
e
c
t
r
i
c
 
U
S
B
 
R
e
c
h
a
r
g
e
a
b
l
e
 
I
n
c
e
n
s
e
 
B
u
r
n
e
r
,
h
t
t
p
s
:
/
/
m
i
n
u
t
e
s
.
n
o
o
n
.
c
o
m
/
s
a
u
d
i
-
e
n
/
n
o
w
-
p
r
o
d
u
c
t
/
Z
9
E
0
B
6
6
8
E
F
8
F
5
4
3
6
A
4
1
4
2
Z
-
1
,
 
1
1
0
.
0
,
 
4
9
.
0
,
 
0
.
5
5
4
5
S
k
i
n
A
c
t
i
v
e
 
M
i
c
e
l
l
a
r
 
C
l
e
a
n
s
i
n
g
 
W
a
t
e
r
,
h
t
t
p
s
:
/
/
m
i
n
u
t
e
s
.
n
o
o
n
.
c
o
m
/
s
a
u
d
i
-
e
n
/
n
o
w
-
p
r
o
d
u
c
t
/
Z
A
D
A
0
B
7
C
2
6
7
F
C
D
4
0
2
8
D
B
C
Z
-
1
,
 
4
0
.
0
,
 
1
8
.
0
,
 
0
.
5
5
S
e
t
 
O
f
 
2
 
F
a
s
t
 
F
l
o
w
 
A
n
t
i
 
C
o
l
i
c
 
C
l
a
s
s
i
c
 
P
l
u
s
 
T
e
a
t
s
 
4
 
H
o
l
e
 
F
o
r
 
6
 
M
o
n
t
h
s
 
+
 
B
a
b
y
 
-
 
C
l
e
a
r
,
 
S
c
f
6
3
4
,
 
2
7
,
h
t
t
p
s
:
/
/
m
i
n
u
t
e
s
.
n
o
o
n
.
c
o
m
/
s
a
u
d
i
-
e
n
/
n
o
w
-
p
r
o
d
u
c
t
/
Z
E
0
5
D
D
0
6
B
0
4
E
2
7
D
1
2
8
7
5
2
Z
-
1
,
 
6
6
.
0
,
 
3
0
.
0
,
 
0
.
5
4
5
5
P
o
t
a
t
o
 
-
 
K
S
A
,
h
t
t
p
s
:
/
/
m
i
n
u
t
e
s
.
n
o
o
n
.
c
o
m
/
s
a
u
d
i
-
e
n
/
n
o
w
-
p
r
o
d
u
c
t
/
Z
D
A
7
D
6
8
4
A
4
6
D
5
0
8
5
9
1
0
2
0
Z
-
1
,
 
4
.
5
,
 
2
.
1
,
 
0
.
5
3
3
3
S
k
i
n
A
c
t
i
v
e
 
F
a
s
t
 
B
r
i
g
h
t
 
3
0
x
 
V
i
t
a
m
i
n
 
C
 
&
 
N
i
a
c
i
n
a
m
i
d
e
 
A
n
t
i
 
D
a
r
k
 
S
p
o
t
 
S
e
r
u
m
,
h
t
t
p
s
:
/
/
m
i
n
u
t
e
s
.
n
o
o
n
.
c
o
m
/
s
a
u
d
i
-
e
n
/
n
o
w
-
p
r
o
d
u
c
t
/
Z
4
9
C
9
D
0
8
4
8
A
9
C
D
2
1
2
8
F
F
F
Z
-
1
,
 
5
4
.
0
,
 
2
5
.
2
,
 
0
.
5
3
3
3
U
n
i
v
e
r
s
a
l
 
P
l
a
s
t
e
r
s
,
 
W
a
t
e
r
-
R
e
s
i
s
t
a
n
t
 
A
n
d
 
S
t
r
o
n
g
 
A
d
h
e
s
i
o
n
,
 
4
0
 
S
t
r
i
p
s
,
h
t
t
p
s
:
/
/
m
i
n
u
t
e
s
.
n
o
o
n
.
c
o
m
/
s
a
u
d
i
-
e
n
/
n
o
w
-
p
r
o
d
u
c
t
/
Z
1
F
8
0
B
4
7
6
9
5
2
C
4
B
3
F
D
2
0
A
Z
-
1
,
 
1
9
.
5
,
 
9
.
2
,
 
0
.
5
2
8
2
F
r
o
z
e
n
 
M
i
n
c
e
d
 
M
o
l
o
k
h
i
a
,
h
t
t
p
s
:
/
/
m
i
n
u
t
e
s
.
n
o
o
n
.
c
o
m
/
s
a
u
d
i
-
e
n
/
n
o
w
-
p
r
o
d
u
c
t
/
Z
4
6
9
7
E
D
E
E
3
0
2
F
D
9
9
D
A
6
2
4
Z
-
1
,
 
6
.
2
5
,
 
2
.
9
5
,
 
0
.
5
2
8
B
r
o
a
s
t
e
d
 
Z
i
n
g
 
C
h
i
c
k
e
n
 
F
i
l
l
e
t
,
h
t
t
p
s
:
/
/
m
i
n
u
t
e
s
.
n
o
o
n
.
c
o
m
/
s
a
u
d
i
-
e
n
/
n
o
w
-
p
r
o
d
u
c
t
/
Z
7
3
8
6
D
7
2
9
E
C
9
9
7
8
7
9
1
9
E
3
Z
-
1
,
 
3
6
.
9
5
,
 
1
7
.
4
5
,
 
0
.
5
2
7
7
0
0
0
0
0
0
0
0
0
0
0
1
F
r
e
e
B
u
d
s
 
S
E
 
2
 
I
n
-
e
a
r
 
E
a
r
p
h
o
n
e
s
,
 
W
i
r
e
l
e
s
s
 
B
l
u
e
t
o
o
t
h
 
5
.
3
,
 
4
0
-
H
o
u
r
 
B
a
t
t
e
r
y
 
L
i
f
e
,
 
3
 
H
o
u
r
s
 
o
f
 
M
u
s
i
c
 
P
l
a
y
b
a
c
k
 
o
n
 
a
 
1
0
-
M
i
n
u
t
e
 
C
h
a
r
g
e
,
 
C
o
m
p
a
c
t
 
a
n
d
 
C
o
m
f
o
r
t
a
b
l
e
,
 
I
P
5
4
 
D
u
s
t
 
a
n
d
 
S
p
l
a
s
h
-
R
e
s
i
s
t
a
n
c
e
,
h
t
t
p
s
:
/
/
m
i
n
u
t
e
s
.
n
o
o
n
.
c
o
m
/
s
a
u
d
i
-
e
n
/
n
o
w
-
p
r
o
d
u
c
t
/
Z
7
6
2
B
2
5
F
6
1
0
6
1
C
9
9
B
3
C
E
9
Z
-
1
,
 
1
8
9
.
0
,
 
9
0
.
0
,
 
0
.
5
2
3
8
3
-
P
i
e
c
e
 
P
r
o
f
e
s
s
i
o
n
a
l
 
H
a
i
r
 
D
r
y
e
r
 
S
e
t
 
,
1
8
0
0
W
,
h
t
t
p
s
:
/
/
m
i
n
u
t
e
s
.
n
o
o
n
.
c
o
m
/
s
a
u
d
i
-
e
n
/
n
o
w
-
p
r
o
d
u
c
t
/
Z
9
F
0
5
5
C
5
6
2
1
B
B
4
3
7
1
E
E
8
F
Z
-
1
,
 
1
6
4
.
9
,
 
7
9
.
0
,
 
0
.
5
2
0
8
9
9
9
9
9
9
9
9
9
9
9
9
M
i
z
y
a
a
n
 
C
o
n
c
e
n
t
r
a
t
e
d
 
P
e
r
f
u
m
e
,
h
t
t
p
s
:
/
/
m
i
n
u
t
e
s
.
n
o
o
n
.
c
o
m
/
s
a
u
d
i
-
e
n
/
n
o
w
-
p
r
o
d
u
c
t
/
Z
C
D
4
3
7
1
8
C
C
4
F
9
C
F
7
D
3
7
1
9
Z
-
1
,
 
1
7
0
.
0
,
 
8
1
.
7
5
,
 
0
.
5
1
9
1
S
p
i
d
e
r
m
a
n
 
C
o
s
t
u
m
e
,
h
t
t
p
s
:
/
/
m
i
n
u
t
e
s
.
n
o
o
n
.
c
o
m
/
s
a
u
d
i
-
e
n
/
n
o
w
-
p
r
o
d
u
c
t
/
Z
B
E
2
4
0
6
F
2
0
9
1
F
1
A
C
8
A
A
C
6
Z
-
1
,
 
5
0
.
0
,
 
2
4
.
2
5
,
 
0
.
5
1
5
A
l
l
 
I
n
 
1
 
D
i
s
h
w
a
s
h
i
n
g
 
T
a
b
l
e
t
s
,
h
t
t
p
s
:
/
/
m
i
n
u
t
e
s
.
n
o
o
n
.
c
o
m
/
s
a
u
d
i
-
e
n
/
n
o
w
-
p
r
o
d
u
c
t
/
Z
5
6
6
1
5
5
B
B
8
4
1
1
0
5
E
C
5
6
1
F
Z
-
1
,
 
4
1
.
9
5
,
 
2
0
.
5
,
 
0
.
5
1
1
3
2
3
0
0
3
5
7
5
6
8
5
4
Z
u
c
c
h
i
n
i
 
-
 
K
S
A
,
h
t
t
p
s
:
/
/
m
i
n
u
t
e
s
.
n
o
o
n
.
c
o
m
/
s
a
u
d
i
-
e
n
/
n
o
w
-
p
r
o
d
u
c
t
/
Z
E
A
5
F
9
5
0
6
3
A
8
5
C
D
B
2
6
E
4
B
Z
-
1
,
 
7
.
8
9
,
 
3
.
9
,
 
0
.
5
0
5
7
C
o
r
i
a
n
d
e
r
 
L
e
a
v
e
s
 
-
 
K
S
A
,
h
t
t
p
s
:
/
/
m
i
n
u
t
e
s
.
n
o
o
n
.
c
o
m
/
s
a
u
d
i
-
e
n
/
n
o
w
-
p
r
o
d
u
c
t
/
Z
8
E
9
9
3
8
6
8
B
E
E
1
3
C
9
F
0
1
3
F
Z
-
1
,
 
2
.
0
2
,
 
1
.
0
,
 
0
.
5
0
5
F
u
s
i
o
n
 
M
e
n
s
 
R
a
z
o
r
 
W
i
t
h
 
2
 
B
l
a
d
e
s
,
h
t
t
p
s
:
/
/
m
i
n
u
t
e
s
.
n
o
o
n
.
c
o
m
/
s
a
u
d
i
-
e
n
/
n
o
w
-
p
r
o
d
u
c
t
/
Z
6
B
E
0
7
0
A
E
2
6
7
0
0
A
8
C
9
3
6
5
Z
-
1
,
 
7
8
.
3
5
,
 
3
9
.
1
5
,
 
0
.
5
0
0
3
M
o
i
s
t
u
r
i
s
i
n
g
 
L
i
p
 
C
a
r
e
 
B
l
a
c
k
b
e
r
r
y
 
S
h
i
n
e
 
L
i
p
 
B
a
l
m
,
h
t
t
p
s
:
/
/
m
i
n
u
t
e
s
.
n
o
o
n
.
c
o
m
/
s
a
u
d
i
-
e
n
/
n
o
w
-
p
r
o
d
u
c
t
/
Z
8
E
7
7
3
D
4
C
0
0
8
7
E
7
6
9
C
5
7
7
Z
-
1
,
 
1
4
.
4
,
 
7
.
2
,
 
0
.
5
F
r
u
i
t
 
C
o
r
d
i
a
l
 
D
r
i
n
k
,
h
t
t
p
s
:
/
/
m
i
n
u
t
e
s
.
n
o
o
n
.
c
o
m
/
s
a
u
d
i
-
e
n
/
n
o
w
-
p
r
o
d
u
c
t
/
Z
2
E
8
A
3
E
8
3
A
E
F
6
F
0
C
D
9
0
9
4
Z
-
1
,
 
1
8
.
8
,
 
9
.
4
,
 
0
.
5
S
t
r
a
w
b
e
r
r
y
 
J
a
m
 
P
r
e
s
e
r
v
e
,
h
t
t
p
s
:
/
/
m
i
n
u
t
e
s
.
n
o
o
n
.
c
o
m
/
s
a
u
d
i
-
e
n
/
n
o
w
-
p
r
o
d
u
c
t
/
Z
F
2
5
8
F
9
E
1
1
0
7
8
B
F
C
1
C
A
0
8
Z
-
1
,
 
1
4
.
0
,
 
7
.
0
,
 
0
.
5
F
o
r
t
i
f
i
e
d
 
P
o
w
d
e
r
 
M
i
l
k
,
h
t
t
p
s
:
/
/
m
i
n
u
t
e
s
.
n
o
o
n
.
c
o
m
/
s
a
u
d
i
-
e
n
/
n
o
w
-
p
r
o
d
u
c
t
/
Z
D
8
3
E
8
0
0
7
3
C
E
B
5
5
8
C
B
7
8
9
Z
-
1
,
 
2
4
.
5
,
 
1
2
.
2
5
,
 
0
.
5
O
l
i
v
e
 
T
a
p
e
 
D
i
a
p
e
r
 
S
i
z
e
 
5
 
J
u
n
i
o
r
 
1
4
-
2
3
 
K
g
 
S
a
v
i
n
g
 
P
a
c
k
,
h
t
t
p
s
:
/
/
m
i
n
u
t
e
s
.
n
o
o
n
.
c
o
m
/
s
a
u
d
i
-
e
n
/
n
o
w
-
p
r
o
d
u
c
t
/
Z
5
4
B
6
5
E
2
5
D
3
6
8
7
8
8
8
7
7
A
F
Z
-
1
,
 
1
9
.
0
,
 
9
.
5
,
 
0
.
5
R
a
s
h
 
P
r
o
t
e
c
t
i
o
n
 
T
a
p
e
d
 
D
i
a
p
e
r
s
 
S
i
z
e
 
4
 
9
-
1
4
k
g
 
C
a
r
r
y
 
P
a
c
k
,
h
t
t
p
s
:
/
/
m
i
n
u
t
e
s
.
n
o
o
n
.
c
o
m
/
s
a
u
d
i
-
e
n
/
n
o
w
-
p
r
o
d
u
c
t
/
Z
7
1
0
2
0
D
F
6
D
D
9
A
E
3
D
0
D
1
1
F
Z
-
1
,
 
2
2
.
0
,
 
1
1
.
0
,
 
0
.
5
H
a
l
a
w
a
 
W
i
t
h
 
C
h
o
c
o
l
a
t
e
,
h
t
t
p
s
:
/
/
m
i
n
u
t
e
s
.
n
o
o
n
.
c
o
m
/
s
a
u
d
i
-
e
n
/
n
o
w
-
p
r
o
d
u
c
t
/
Z
0
F
2
8
6
A
5
A
F
2
E
6
8
E
8
D
E
9
2
A
Z
-
1
,
 
1
5
.
0
,
 
7
.
5
,
 
0
.
5
Q
1
0
 
P
l
u
s
 
C
 
A
n
t
i
-
W
r
i
n
k
l
e
 
F
a
c
e
 
S
h
e
e
t
 
M
a
s
k
,
 
V
i
t
a
m
i
n
 
C
,
 
1
,
h
t
t
p
s
:
/
/
m
i
n
u
t
e
s
.
n
o
o
n
.
c
o
m
/
s
a
u
d
i
-
e
n
/
n
o
w
-
p
r
o
d
u
c
t
/
Z
9
D
F
1
1
4
9
1
1
A
A
4
2
2
F
3
3
6
5
E
Z
-
1
,
 
1
4
.
4
,
 
7
.
2
,
 
0
.
5
N
a
t
u
r
a
l
 
G
l
o
w
 
E
x
f
o
l
i
a
t
i
n
g
 
F
a
c
e
 
S
c
r
u
b
 
E
v
e
n
 
T
o
n
e
 
C
o
m
p
l
e
x
 
A
n
d
 
V
i
t
a
m
i
n
 
C
,
h
t
t
p
s
:
/
/
m
i
n
u
t
e
s
.
n
o
o
n
.
c
o
m
/
s
a
u
d
i
-
e
n
/
n
o
w
-
p
r
o
d
u
c
t
/
Z
D
E
1
3
B
B
5
E
C
F
4
3
8
C
0
E
9
F
8
A
Z
-
1
,
 
2
4
.
1
,
 
1
2
.
0
5
,
 
0
.
5
N
a
t
u
r
a
l
 
G
l
o
w
 
C
l
e
a
n
s
i
n
g
 
F
a
c
e
 
W
a
s
h
,
h
t
t
p
s
:
/
/
m
i
n
u
t
e
s
.
n
o
o
n
.
c
o
m
/
s
a
u
d
i
-
e
n
/
n
o
w
-
p
r
o
d
u
c
t
/
Z
9
D
8
8
3
9
D
3
9
C
D
0
E
A
7
0
3
2
7
0
Z
-
1
,
 
2
4
.
3
,
 
1
2
.
1
5
,
 
0
.
5
O
r
i
g
i
n
a
l
 
G
l
a
z
e
d
 
D
o
u
g
h
n
u
t
 
B
u
y
 
1
 
G
e
t
 
1
 
F
r
e
e
,
h
t
t
p
s
:
/
/
m
i
n
u
t
e
s
.
n
o
o
n
.
c
o
m
/
s
a
u
d
i
-
e
n
/
n
o
w
-
p
r
o
d
u
c
t
/
Z
B
0
9
1
0
E
E
1
3
E
2
5
3
D
1
1
C
6
A
A
Z
-
1
,
 
1
2
.
0
,
 
6
.
0
,
 
0
.
5
C
h
o
c
o
 
G
l
a
z
e
d
 
D
o
u
g
h
n
u
t
 
B
u
y
 
1
 
G
e
t
 
1
 
F
r
e
e
,
h
t
t
p
s
:
/
/
m
i
n
u
t
e
s
.
n
o
o
n
.
c
o
m
/
s
a
u
d
i
-
e
n
/
n
o
w
-
p
r
o
d
u
c
t
/
Z
D
0
7
8
0
B
A
8
D
8
0
C
4
C
6
B
C
0
4
8
Z
-
1
,
 
1
4
.
0
,
 
7
.
0
,
 
0
.
5
L
o
t
u
s
 
B
i
s
c
o
f
f
 
D
o
u
g
h
n
u
t
 
B
u
y
 
1
 
G
e
t
 
1
 
F
r
e
e
,
h
t
t
p
s
:
/
/
m
i
n
u
t
e
s
.
n
o
o
n
.
c
o
m
/
s
a
u
d
i
-
e
n
/
n
o
w
-
p
r
o
d
u
c
t
/
Z
9
7
0
B
3
1
E
8
4
8
4
4
7
5
A
3
4
B
F
2
Z
-
1
,
 
1
6
.
0
,
 
8
.
0
,
 
0
.
5
5
 
I
n
 
1
 
C
o
c
o
a
 
B
u
t
t
e
r
 
B
o
d
y
 
L
o
t
i
o
n
,
 
V
i
t
a
m
i
n
 
E
,
 
D
r
y
 
S
k
i
n
,
h
t
t
p
s
:
/
/
m
i
n
u
t
e
s
.
n
o
o
n
.
c
o
m
/
s
a
u
d
i
-
e
n
/
n
o
w
-
p
r
o
d
u
c
t
/
Z
2
7
9
1
A
3
F
7
6
6
E
9
8
C
8
4
1
F
0
A
Z
-
1
,
 
3
2
.
2
5
,
 
1
6
.
1
5
,
 
0
.
4
9
9
2
S
t
r
a
w
b
e
r
r
y
 
J
a
m
,
h
t
t
p
s
:
/
/
m
i
n
u
t
e
s
.
n
o
o
n
.
c
o
m
/
s
a
u
d
i
-
e
n
/
n
o
w
-
p
r
o
d
u
c
t
/
Z
0
6
D
D
4
F
2
9
2
2
7
B
1
C
8
D
5
5
4
A
Z
-
1
,
 
1
3
.
9
5
,
 
7
.
0
,
 
0
.
4
9
8
2
R
a
s
p
b
e
r
r
y
 
J
a
m
,
h
t
t
p
s
:
/
/
m
i
n
u
t
e
s
.
n
o
o
n
.
c
o
m
/
s
a
u
d
i
-
e
n
/
n
o
w
-
p
r
o
d
u
c
t
/
Z
6
7
B
5
F
9
4
6
B
E
4
D
3
8
6
E
5
2
6
3
Z
-
1
,
 
1
3
.
9
5
,
 
7
.
0
,
 
0
.
4
9
8
2
B
u
r
g
u
l
 
H
a
r
d
,
h
t
t
p
s
:
/
/
m
i
n
u
t
e
s
.
n
o
o
n
.
c
o
m
/
s
a
u
d
i
-
e
n
/
n
o
w
-
p
r
o
d
u
c
t
/
Z
B
8
5
6
F
2
7
0
B
5
1
A
D
D
0
A
6
5
F
C
Z
-
1
,
 
1
0
.
9
5
,
 
5
.
5
,
 
0
.
4
9
7
7
0
0
0
0
0
0
0
0
0
0
0
0
3
M
o
l
o
k
h
i
a
 
W
i
t
h
 
T
a
q
l
e
y
a
,
h
t
t
p
s
:
/
/
m
i
n
u
t
e
s
.
n
o
o
n
.
c
o
m
/
s
a
u
d
i
-
e
n
/
n
o
w
-
p
r
o
d
u
c
t
/
Z
8
1
1
B
3
A
B
8
A
6
E
8
2
D
B
E
2
2
F
A
Z
-
1
,
 
6
.
8
5
,
 
3
.
4
5
,
 
0
.
4
9
6
3
9
9
9
9
9
9
9
9
9
9
9
9
5
S
t
r
a
w
b
e
r
r
y
 
J
a
m
 
S
u
g
a
r
 
f
r
e
e
,
h
t
t
p
s
:
/
/
m
i
n
u
t
e
s
.
n
o
o
n
.
c
o
m
/
s
a
u
d
i
-
e
n
/
n
o
w
-
p
r
o
d
u
c
t
/
Z
B
1
F
7
F
D
4
6
4
0
2
0
2
C
6
C
5
C
B
0
Z
-
1
,
 
1
5
.
8
5
,
 
8
.
0
,
 
0
.
4
9
5
2
9
9
9
9
9
9
9
9
9
9
9
9
6
4
-
P
o
r
t
 
U
S
B
 
3
.
0
 
D
a
t
a
 
H
u
b
,
 
U
l
t
r
a
-
S
l
i
m
 
5
G
b
p
s
 
U
S
B
-
C
 
O
T
G
 
H
u
b
 
W
i
t
h
 
2
0
c
m
 
E
x
t
e
n
d
e
d
 
C
a
b
l
e
,
 
F
o
r
 
M
a
c
B
o
o
k
,
 
M
a
c
 
P
r
o
,
 
M
a
c
 
M
i
n
i
,
 
i
M
a
c
,
 
S
u
r
f
a
c
e
 
P
r
o
,
 
X
P
S
,
 
P
C
,
 
F
l
a
s
h
 
D
r
i
v
e
,
 
M
o
b
i
l
e
 
H
D
D
 
(
C
h
a
r
g
i
n
g
 
N
o
t
 
S
u
p
p
o
r
t
e
d
)
,
h
t
t
p
s
:
/
/
m
i
n
u
t
e
s
.
n
o
o
n
.
c
o
m
/
s
a
u
d
i
-
e
n
/
n
o
w
-
p
r
o
d
u
c
t
/
Z
E
A
5
A
4
C
6
2
B
F
3
8
F
A
A
1
7
0
2
0
Z
-
1
,
 
6
9
.
0
,
 
3
5
.
0
,
 
0
.
4
9
2
8
P
o
w
e
r
l
i
n
e
 
I
I
 
L
i
g
h
t
n
i
n
g
 
C
a
b
l
e
 
(
3
f
t
)
,
 
P
r
o
b
a
b
l
y
 
T
h
e
 
W
o
r
l
d
'
s
 
M
o
s
t
 
D
u
r
a
b
l
e
 
C
a
b
l
e
,
 
M
F
i
 
C
e
r
t
i
f
i
e
d
 
f
o
r
 
i
P
h
o
n
e
 
1
1
/
1
1
 
P
r
o
/
1
1
 
P
r
o
 
M
a
x
/
X
s
/
X
S
 
M
a
x
/
X
R
/
X
/
8
/
8
 
P
l
u
s
/
7
/
7
 
P
l
u
s
/
6
/
6
 
P
l
u
s
,
h
t
t
p
s
:
/
/
m
i
n
u
t
e
s
.
n
o
o
n
.
c
o
m
/
s
a
u
d
i
-
e
n
/
n
o
w
-
p
r
o
d
u
c
t
/
Z
3
7
D
F
6
7
F
7
E
4
4
1
2
F
2
8
C
D
2
D
Z
-
1
,
 
6
9
.
0
,
 
3
5
.
0
,
 
0
.
4
9
2
8
P
r
e
m
i
u
m
 
E
c
o
 
F
r
i
e
n
d
l
y
 
E
x
t
r
a
 
L
a
r
g
e
 
D
i
a
p
e
r
s
 
S
i
z
e
 
5
 
(
1
2
 
K
g
 
A
b
o
v
e
)
,
h
t
t
p
s
:
/
/
m
i
n
u
t
e
s
.
n
o
o
n
.
c
o
m
/
s
a
u
d
i
-
e
n
/
n
o
w
-
p
r
o
d
u
c
t
/
Z
8
3
4
A
F
8
F
6
D
D
D
E
5
4
D
9
D
4
6
3
Z
-
1
,
 
7
5
.
5
,
 
3
8
.
5
,
 
0
.
4
9
0
1
H
a
l
a
w
a
 
P
l
a
i
n
,
h
t
t
p
s
:
/
/
m
i
n
u
t
e
s
.
n
o
o
n
.
c
o
m
/
s
a
u
d
i
-
e
n
/
n
o
w
-
p
r
o
d
u
c
t
/
Z
D
5
3
C
5
2
6
7
F
F
8
C
F
6
B
F
B
A
9
B
Z
-
1
,
 
2
4
.
5
,
 
1
2
.
5
,
 
0
.
4
8
9
8
P
r
e
m
i
u
m
 
E
c
o
 
F
r
i
e
n
d
l
y
 
M
e
d
i
u
m
 
D
i
a
p
e
r
s
 
S
i
z
e
 
3
 
(
6
-
1
0
K
g
)
,
h
t
t
p
s
:
/
/
m
i
n
u
t
e
s
.
n
o
o
n
.
c
o
m
/
s
a
u
d
i
-
e
n
/
n
o
w
-
p
r
o
d
u
c
t
/
Z
5
5
F
A
9
A
C
E
2
9
5
8
E
9
C
6
5
A
F
5
Z
-
1
,
 
7
2
.
5
,
 
3
7
.
0
,
 
0
.
4
8
9
7
F
i
n
e
s
t
 
H
a
l
a
w
a
 
P
l
a
i
n
,
h
t
t
p
s
:
/
/
m
i
n
u
t
e
s
.
n
o
o
n
.
c
o
m
/
s
a
u
d
i
-
e
n
/
n
o
w
-
p
r
o
d
u
c
t
/
Z
5
9
8
1
0
B
F
1
C
E
D
F
5
3
C
4
1
F
D
E
Z
-
1
,
 
1
3
.
6
5
,
 
7
.
0
,
 
0
.
4
8
7
1
9
9
9
9
9
9
9
9
9
9
9
9
7
C
h
i
c
k
e
n
 
M
o
r
t
a
d
e
l
l
a
 
O
l
i
v
e
 
R
o
l
l
 
-
 
L
o
w
 
F
a
t
,
h
t
t
p
s
:
/
/
m
i
n
u
t
e
s
.
n
o
o
n
.
c
o
m
/
s
a
u
d
i
-
e
n
/
n
o
w
-
p
r
o
d
u
c
t
/
Z
C
D
9
C
1
0
7
5
A
5
4
5
4
4
8
6
9
D
D
9
Z
-
1
,
 
1
4
.
2
5
,
 
7
.
4
5
,
 
0
.
4
7
7
1
9
9
9
9
9
9
9
9
9
9
9
9
6
C
a
r
r
o
t
 
-
 
A
u
s
t
r
a
l
i
a
,
h
t
t
p
s
:
/
/
m
i
n
u
t
e
s
.
n
o
o
n
.
c
o
m
/
s
a
u
d
i
-
e
n
/
n
o
w
-
p
r
o
d
u
c
t
/
Z
7
9
4
E
F
3
8
1
0
F
C
E
6
D
2
D
8
1
F
D
Z
-
1
,
 
6
.
0
,
 
3
.
1
5
,
 
0
.
4
7
5
H
o
t
 
S
a
u
c
e
,
h
t
t
p
s
:
/
/
m
i
n
u
t
e
s
.
n
o
o
n
.
c
o
m
/
s
a
u
d
i
-
e
n
/
n
o
w
-
p
r
o
d
u
c
t
/
Z
E
F
0
A
E
1
9
E
8
E
7
5
7
B
6
E
4
B
F
6
Z
-
1
,
 
2
.
8
5
,
 
1
.
5
,
 
0
.
4
7
3
7
P
w
a
n
i
 
P
o
w
e
r
 
B
a
n
k
 
-
 
H
i
g
h
-
C
a
p
a
c
i
t
y
 
P
o
r
t
a
b
l
e
 
P
o
w
e
r
 
B
a
n
k
 
f
o
r
 
S
i
m
u
l
t
a
n
e
o
u
s
 
D
e
v
i
c
e
 
C
h
a
r
g
i
n
g
,
 
C
o
m
p
a
t
i
b
l
e
 
w
i
t
h
 
S
m
a
r
t
p
h
o
n
e
s
,
 
T
a
b
l
e
t
s
,
 
G
a
m
i
n
g
 
D
e
v
i
c
e
s
,
 
P
o
r
t
a
b
l
e
 
D
V
D
 
P
l
a
y
e
r
s
,
 
M
P
3
/
M
P
4
,
 
a
n
d
 
B
l
u
e
t
o
o
t
h
 
D
e
v
i
c
e
s
,
 
C
o
m
p
a
c
t
 
a
n
d
 
T
r
a
v
e
l
-
F
r
i
e
n
d
l
y
 
f
o
r
 
I
n
s
t
a
n
t
 
P
o
w
e
r
 
A
n
y
w
h
e
r
e
 
-
,
h
t
t
p
s
:
/
/
m
i
n
u
t
e
s
.
n
o
o
n
.
c
o
m
/
s
a
u
d
i
-
e
n
/
n
o
w
-
p
r
o
d
u
c
t
/
Z
A
2
9
1
E
1
8
0
5
D
D
6
D
2
0
D
2
F
1
5
Z
-
1
,
 
1
4
9
.
0
,
 
7
9
.
0
,
 
0
.
4
6
9
8
O
v
e
r
-
E
a
r
 
G
a
m
i
n
g
 
W
i
r
e
d
 
H
e
a
d
p
h
o
n
e
s
 
W
i
t
h
 
M
i
c
 
F
o
r
 
P
S
4
,
 
P
S
5
,
 
X
O
n
e
,
 
X
S
e
r
i
e
s
,
 
N
i
n
t
e
n
d
o
 
S
w
i
t
c
h
 
A
n
d
 
P
C
,
h
t
t
p
s
:
/
/
m
i
n
u
t
e
s
.
n
o
o
n
.
c
o
m
/
s
a
u
d
i
-
e
n
/
n
o
w
-
p
r
o
d
u
c
t
/
Z
9
7
9
6
7
F
4
B
8
0
4
C
4
6
8
E
A
B
B
2
Z
-
1
,
 
1
1
9
.
0
,
 
6
4
.
1
,
 
0
.
4
6
1
3
0
0
0
0
0
0
0
0
0
0
0
0
4
M
u
k
h
t
a
r
a
t
 
S
l
i
c
e
d
 
G
r
e
e
n
 
O
i
l
v
e
s
 
W
i
t
h
 
C
h
i
l
i
 
I
n
 
O
i
l
v
e
 
O
i
l
,
h
t
t
p
s
:
/
/
m
i
n
u
t
e
s
.
n
o
o
n
.
c
o
m
/
s
a
u
d
i
-
e
n
/
n
o
w
-
p
r
o
d
u
c
t
/
Z
1
4
1
D
0
3
8
3
A
0
A
E
2
3
7
7
E
7
7
0
Z
-
1
,
 
1
8
.
3
5
,
 
1
0
.
0
,
 
0
.
4
5
4
9
9
9
9
9
9
9
9
9
9
9
9
9
6
R
a
s
h
 
P
r
o
t
e
c
t
i
o
n
 
T
a
p
e
d
 
D
i
a
p
e
r
s
 
S
i
z
e
 
6
 
1
3
+
k
g
 
C
a
r
r
y
 
P
a
c
k
,
h
t
t
p
s
:
/
/
m
i
n
u
t
e
s
.
n
o
o
n
.
c
o
m
/
s
a
u
d
i
-
e
n
/
n
o
w
-
p
r
o
d
u
c
t
/
Z
5
1
F
1
D
1
C
B
1
6
7
E
0
C
1
F
8
1
9
2
Z
-
1
,
 
2
0
.
9
5
,
 
1
1
.
5
,
 
0
.
4
5
1
0
9
9
9
9
9
9
9
9
9
9
9
9
5
C
h
i
c
k
e
n
 
S
t
r
i
p
s
,
h
t
t
p
s
:
/
/
m
i
n
u
t
e
s
.
n
o
o
n
.
c
o
m
/
s
a
u
d
i
-
e
n
/
n
o
w
-
p
r
o
d
u
c
t
/
Z
4
2
9
E
A
3
F
9
D
7
F
6
7
F
0
1
E
4
2
9
Z
-
1
,
 
3
9
.
9
5
,
 
2
1
.
9
5
,
 
0
.
4
5
0
5
6
3
2
0
4
0
0
5
0
0
6
2
7
H
o
t
 
A
n
d
 
C
r
u
n
c
h
y
 
C
h
i
c
k
e
n
 
S
t
r
i
p
s
,
h
t
t
p
s
:
/
/
m
i
n
u
t
e
s
.
n
o
o
n
.
c
o
m
/
s
a
u
d
i
-
e
n
/
n
o
w
-
p
r
o
d
u
c
t
/
Z
B
9
5
4
0
F
9
0
6
7
3
F
3
A
B
4
6
1
8
8
Z
-
1
,
 
3
9
.
9
5
,
 
2
1
.
9
5
,
 
0
.
4
5
0
5
6
3
2
0
4
0
0
5
0
0
6
2
7
6
0
 
S
e
c
o
n
d
s
 
S
u
p
e
r
 
S
h
i
n
e
 
N
a
i
l
 
P
o
l
i
s
h
 
–
,
h
t
t
p
s
:
/
/
m
i
n
u
t
e
s
.
n
o
o
n
.
c
o
m
/
s
a
u
d
i
-
e
n
/
n
o
w
-
p
r
o
d
u
c
t
/
Z
9
1
3
1
B
5
0
E
2
7
8
8
2
0
F
8
5
F
F
2
Z
-
1
,
 
1
2
.
0
,
 
6
.
6
,
 
0
.
4
4
9
9
9
9
9
9
9
9
9
9
9
9
9
9
6
W
h
i
t
e
 
P
u
m
p
k
i
n
 
-
 
K
S
A
,
h
t
t
p
s
:
/
/
m
i
n
u
t
e
s
.
n
o
o
n
.
c
o
m
/
s
a
u
d
i
-
e
n
/
n
o
w
-
p
r
o
d
u
c
t
/
Z
A
7
3
3
4
5
9
9
0
4
E
8
6
F
C
3
7
A
9
1
Z
-
1
,
 
1
9
.
2
,
 
1
0
.
6
5
,
 
0
.
4
4
5
3
0
0
0
0
0
0
0
0
0
0
0
0
3
K
8
 
R
G
B
 
G
a
m
i
n
g
 
H
e
a
d
s
e
t
 
 
7
.
1
 
S
u
r
r
o
u
n
d
 
S
o
u
n
d
 
N
o
i
s
e
 
C
a
n
c
e
l
i
n
g
 
M
i
c
 
,
P
C
 
,
 
P
S
4
-
3
 
,
 
M
o
b
i
l
e
 
A
n
d
 
X
b
o
x
,
h
t
t
p
s
:
/
/
m
i
n
u
t
e
s
.
n
o
o
n
.
c
o
m
/
s
a
u
d
i
-
e
n
/
n
o
w
-
p
r
o
d
u
c
t
/
Z
E
3
B
1
4
A
5
2
B
6
A
6
1
7
A
7
0
9
B
2
Z
-
1
,
 
9
0
.
0
,
 
5
0
.
0
,
 
0
.
4
4
4
4
H
o
t
 
S
a
u
c
e
,
h
t
t
p
s
:
/
/
m
i
n
u
t
e
s
.
n
o
o
n
.
c
o
m
/
s
a
u
d
i
-
e
n
/
n
o
w
-
p
r
o
d
u
c
t
/
Z
1
4
C
1
5
9
1
6
A
E
9
F
9
1
D
9
6
8
E
1
Z
-
1
,
 
4
.
5
,
 
2
.
5
,
 
0
.
4
4
4
4
B
l
u
e
 
I
I
 
P
l
u
s
 
M
e
n
s
 
D
i
s
p
o
s
a
b
l
e
 
R
a
z
o
r
s
,
h
t
t
p
s
:
/
/
m
i
n
u
t
e
s
.
n
o
o
n
.
c
o
m
/
s
a
u
d
i
-
e
n
/
n
o
w
-
p
r
o
d
u
c
t
/
Z
8
B
C
2
5
2
2
8
3
1
6
2
7
B
6
9
0
6
C
9
Z
-
1
,
 
4
5
.
1
,
 
2
5
.
4
,
 
0
.
4
3
6
7
9
9
9
9
9
9
9
9
9
9
9
9
7
5
4
1
 
U
S
B
-
C
 
t
o
 
L
i
g
h
t
n
i
n
g
 
C
a
b
l
e
 
(
B
i
o
-
B
a
s
e
d
 
3
f
t
)
 
 
B
2
C
 
-
 
U
N
 
W
h
i
t
e
 
I
t
e
r
a
t
i
o
n
 
1
,
h
t
t
p
s
:
/
/
m
i
n
u
t
e
s
.
n
o
o
n
.
c
o
m
/
s
a
u
d
i
-
e
n
/
n
o
w
-
p
r
o
d
u
c
t
/
Z
C
3
A
D
C
4
C
E
0
9
D
B
1
0
9
6
0
1
9
3
Z
-
1
,
 
6
9
.
0
,
 
3
9
.
0
,
 
0
.
4
3
4
7
9
9
9
9
9
9
9
9
9
9
9
9
6
G
a
r
l
i
c
 
&
 
G
i
n
g
e
r
 
P
a
s
t
e
 
-
 
K
S
A
,
h
t
t
p
s
:
/
/
m
i
n
u
t
e
s
.
n
o
o
n
.
c
o
m
/
s
a
u
d
i
-
e
n
/
n
o
w
-
p
r
o
d
u
c
t
/
Z
2
0
E
3
7
2
9
9
5
1
8
5
C
D
4
4
0
5
7
3
Z
-
1
,
 
2
0
.
5
7
,
 
1
1
.
9
5
,
 
0
.
4
1
9
1
0
0
0
0
0
0
0
0
0
0
0
0
3
S
w
e
e
t
 
T
a
m
a
r
i
n
d
 
-
 
T
h
a
i
l
a
n
d
,
h
t
t
p
s
:
/
/
m
i
n
u
t
e
s
.
n
o
o
n
.
c
o
m
/
s
a
u
d
i
-
e
n
/
n
o
w
-
p
r
o
d
u
c
t
/
Z
8
E
0
8
9
8
C
5
8
1
7
F
E
1
A
E
B
8
3
7
Z
-
1
,
 
1
1
.
6
,
 
6
.
7
5
,
 
0
.
4
1
8
1
C
o
r
n
 
F
l
a
k
e
s
,
h
t
t
p
s
:
/
/
m
i
n
u
t
e
s
.
n
o
o
n
.
c
o
m
/
s
a
u
d
i
-
e
n
/
n
o
w
-
p
r
o
d
u
c
t
/
Z
4
0
D
D
B
B
2
F
4
A
C
2
3
C
C
D
6
8
0
E
Z
-
1
,
 
5
1
.
2
5
,
 
2
9
.
9
5
,
 
0
.
4
1
5
6
0
9
7
5
6
0
9
7
5
6
1
D
r
y
N
i
t
e
s
 
P
y
j
a
m
a
 
P
a
n
t
s
,
 
4
-
7
 
y
e
a
r
s
,
 
B
e
d
 
W
e
t
t
i
n
g
 
D
i
a
p
e
r
,
 
G
i
r
l
s
,
 
1
7
-
3
0
 
k
g
,
 
J
u
m
b
o
 
P
a
c
k
,
 
6
4
 
P
a
n
t
s
,
h
t
t
p
s
:
/
/
m
i
n
u
t
e
s
.
n
o
o
n
.
c
o
m
/
s
a
u
d
i
-
e
n
/
n
o
w
-
p
r
o
d
u
c
t
/
Z
1
E
F
6
D
D
D
6
D
8
8
E
F
4
4
E
0
E
6
C
Z
-
1
,
 
2
7
0
.
0
,
 
1
5
8
.
5
,
 
0
.
4
1
3
0
0
0
0
0
0
0
0
0
0
0
0
0
3
F
r
e
s
h
 
B
r
o
c
c
o
l
i
 
-
 
S
p
a
i
n
,
h
t
t
p
s
:
/
/
m
i
n
u
t
e
s
.
n
o
o
n
.
c
o
m
/
s
a
u
d
i
-
e
n
/
n
o
w
-
p
r
o
d
u
c
t
/
Z
C
D
3
9
8
B
5
D
1
9
6
F
8
6
2
C
D
F
1
9
Z
-
1
,
 
8
.
8
9
,
 
5
.
2
5
,
 
0
.
4
0
9
4
R
a
s
h
 
P
r
o
t
e
c
t
i
o
n
 
T
a
p
e
d
 
D
i
a
p
e
r
s
 
S
i
z
e
 
3
 
6
-
1
0
k
g
 
C
a
r
r
y
 
P
a
c
k
,
h
t
t
p
s
:
/
/
m
i
n
u
t
e
s
.
n
o
o
n
.
c
o
m
/
s
a
u
d
i
-
e
n
/
n
o
w
-
p
r
o
d
u
c
t
/
Z
F
C
0
A
D
1
7
A
2
D
5
C
5
6
2
F
F
2
3
1
Z
-
1
,
 
2
2
.
0
,
 
1
3
.
0
,
 
0
.
4
0
9
1
N
e
e
m
 
A
n
d
 
T
u
r
m
e
r
i
c
 
S
o
a
p
,
h
t
t
p
s
:
/
/
m
i
n
u
t
e
s
.
n
o
o
n
.
c
o
m
/
s
a
u
d
i
-
e
n
/
n
o
w
-
p
r
o
d
u
c
t
/
Z
0
3
C
6
D
2
B
6
F
9
C
A
1
7
E
5
6
0
D
C
Z
-
1
,
 
1
8
.
9
5
,
 
1
1
.
3
5
,
 
0
.
4
0
1
1
M
e
n
 
B
l
a
c
k
 
A
n
d
 
W
h
i
t
e
 
I
n
v
i
s
i
b
l
e
 
O
r
i
g
i
n
a
l
,
 
A
n
t
i
p
e
r
s
p
i
r
a
n
t
 
f
o
r
 
M
e
n
,
 
S
p
r
a
y
,
h
t
t
p
s
:
/
/
m
i
n
u
t
e
s
.
n
o
o
n
.
c
o
m
/
s
a
u
d
i
-
e
n
/
n
o
w
-
p
r
o
d
u
c
t
/
Z
0
C
D
3
7
F
F
F
5
D
8
5
A
6
F
7
5
E
B
5
Z
-
1
,
 
2
7
.
1
,
 
1
6
.
2
5
,
 
0
.
4
0
0
4
N
I
V
E
A
 
B
l
a
c
k
 
A
n
d
 
W
h
i
t
e
 
I
n
v
i
s
i
b
l
e
 
A
n
t
i
p
e
r
s
p
i
r
a
n
t
 
D
e
o
d
o
r
a
n
t
 
S
p
r
a
y
 
F
o
r
 
W
o
m
e
n
,
 
C
l
e
a
r
,
 
7
2
H
 
A
c
t
i
v
e
 
P
r
o
t
e
c
t
i
o
n
,
 
5
I
N
1
,
 
A
n
t
i
-
O
d
o
u
r
,
 
S
w
e
a
t
,
 
S
t
a
i
n
s
,
 
R
e
s
i
d
u
e
s
 
A
n
d
 
I
r
r
i
t
a
t
i
o
n
,
h
t
t
p
s
:
/
/
m
i
n
u
t
e
s
.
n
o
o
n
.
c
o
m
/
s
a
u
d
i
-
e
n
/
n
o
w
-
p
r
o
d
u
c
t
/
Z
8
3
6
E
A
4
F
5
E
E
3
9
5
5
4
1
A
E
6
B
Z
-
1
,
 
2
7
.
1
,
 
1
6
.
2
5
,
 
0
.
4
0
0
4
O
p
t
i
c
 
W
h
i
t
e
 
O
x
y
g
e
n
 
T
e
c
h
n
o
l
o
g
y
 
T
o
o
t
h
p
a
s
t
e
,
h
t
t
p
s
:
/
/
m
i
n
u
t
e
s
.
n
o
o
n
.
c
o
m
/
s
a
u
d
i
-
e
n
/
n
o
w
-
p
r
o
d
u
c
t
/
Z
7
3
A
3
9
0
8
9
6
4
3
A
6
9
B
8
2
C
4
5
Z
-
1
,
 
4
1
.
8
5
,
 
2
5
.
1
,
 
0
.
4
0
0
2
C
l
a
s
s
i
c
 
C
r
e
a
m
 
I
c
e
 
C
r
e
a
m
 
C
o
n
e
,
h
t
t
p
s
:
/
/
m
i
n
u
t
e
s
.
n
o
o
n
.
c
o
m
/
s
a
u
d
i
-
e
n
/
n
o
w
-
p
r
o
d
u
c
t
/
Z
0
1
9
7
A
A
C
2
4
D
6
B
8
D
1
8
4
9
F
9
Z
-
1
,
 
7
.
2
5
,
 
4
.
3
5
,
 
0
.
4
D
e
e
p
 
B
l
a
c
k
 
C
h
a
r
c
o
a
l
 
&
 
D
a
r
k
 
W
o
o
d
 
A
n
t
i
-
P
e
r
s
p
i
r
a
n
t
 
S
p
r
a
y
 
M
u
l
t
i
c
o
l
o
u
r
,
h
t
t
p
s
:
/
/
m
i
n
u
t
e
s
.
n
o
o
n
.
c
o
m
/
s
a
u
d
i
-
e
n
/
n
o
w
-
p
r
o
d
u
c
t
/
Z
E
1
0
2
E
A
D
9
4
8
D
4
3
F
A
6
8
0
8
9
Z
-
1
,
 
2
7
.
0
,
 
1
6
.
2
,
 
0
.
4
4
8
 
h
 
I
n
t
e
n
s
e
 
M
o
i
s
t
u
r
e
 
R
i
c
h
 
N
o
u
r
i
s
h
i
n
g
 
B
o
d
y
 
L
o
t
i
o
n
 
F
o
r
 
D
r
y
 
S
k
i
n
,
h
t
t
p
s
:
/
/
m
i
n
u
t
e
s
.
n
o
o
n
.
c
o
m
/
s
a
u
d
i
-
e
n
/
n
o
w
-
p
r
o
d
u
c
t
/
Z
7
A
6
6
D
F
7
3
5
2
3
F
5
9
4
2
8
6
C
F
Z
-
1
,
 
3
2
.
2
5
,
 
1
9
.
3
5
,
 
0
.
4
F
r
e
s
h
 
N
a
t
u
r
a
l
 
D
e
o
d
o
r
a
n
t
 
f
o
r
 
W
o
m
e
n
 
O
c
e
a
n
 
E
x
t
r
a
c
t
s
 
S
p
r
a
y
,
h
t
t
p
s
:
/
/
m
i
n
u
t
e
s
.
n
o
o
n
.
c
o
m
/
s
a
u
d
i
-
e
n
/
n
o
w
-
p
r
o
d
u
c
t
/
Z
9
3
6
C
6
5
B
D
0
4
D
E
2
6
3
9
2
0
1
8
Z
-
1
,
 
2
7
.
0
,
 
1
6
.
2
,
 
0
.
4
B
a
b
y
 
C
a
r
e
 
T
r
a
v
e
l
 
P
a
c
k
 
W
i
t
h
 
S
h
a
m
p
o
o
,
 
L
o
t
i
o
n
,
 
P
o
w
d
e
r
 
A
n
d
 
B
a
t
h
,
h
t
t
p
s
:
/
/
m
i
n
u
t
e
s
.
n
o
o
n
.
c
o
m
/
s
a
u
d
i
-
e
n
/
n
o
w
-
p
r
o
d
u
c
t
/
Z
6
A
8
F
2
6
D
B
B
D
3
0
3
1
3
0
1
E
9
9
Z
-
1
,
 
4
0
.
0
,
 
2
4
.
0
,
 
0
.
4
